"","Participant","group","ID","trust","team","similar","ties","common","close","trust","team","similar","ties","attention","common","close","time","score"
"1",1,"S","9",60,81,53,49,55,48,77,52,28,49,81,50,53,"Pre_Experiment",57.6666666666667
"2",2,"S","6",45,11,46,2,1,5,10,17,4,8,99,4,1,"Pre_Experiment",18.3333333333333
"3",3,"S","4",55,46,35,12,28,28,52,71,41,39,100,39,55,"Pre_Experiment",34
"4",6,"S","8",90,51,50,41,38,11,50,77,49,52,85,41,36,"Pre_Experiment",46.8333333333333
"5",7,"S","7",18,9,3,2,1,4,6,2,2,2,94,1,2,"Pre_Experiment",6.16666666666667
"6",8,"S","2",51,52,51,53,15,29,68,51,68,51,98,60,37,"Pre_Experiment",41.8333333333333
"7",9,"S","1",81,64,52,34,35,50,68,67,51,63,86,51,58,"Pre_Experiment",52.6666666666667
"8",12,"C","7",100,71,50,37,53,48,60,49,40,30,79,30,29,"Pre_Experiment",59.8333333333333
"9",18,"R","6",100,100,0,9,0,27,42,40,0,29,100,23,50,"Pre_Experiment",39.3333333333333
"10",20,"R","8",35,0,25,0,46,0,79,15,25,10,92,7,10,"Pre_Experiment",17.6666666666667
"11",21,"R","7",75,41,20,20,20,35,71,22,20,15,94,23,32,"Pre_Experiment",35.1666666666667
"12",22,"R","3",50,0,52,51,0,52,49,0,56,48,100,0,49,"Pre_Experiment",34.1666666666667
"13",23,"R","5",44,32,7,24,28,21,59,56,57,38,91,48,55,"Pre_Experiment",26
"14",25,"R","4",71,36,8,5,16,10,72,78,45,49,100,5,54,"Pre_Experiment",24.3333333333333
"15",26,"C","10",94,52,25,47,69,48,72,100,78,33,100,33,65,"Pre_Experiment",55.8333333333333
"16",27,"C","2",23,54,10,4,5,44,45,52,72,27,100,12,51,"Pre_Experiment",23.3333333333333
"17",28,"C","3",39,43,51,37,33,41,47,48,50,44,100,66,63,"Pre_Experiment",40.6666666666667
"18",29,"C","8",100,87,78,22,60,64,25,20,28,4,100,14,24,"Pre_Experiment",68.5
"19",30,"C","6",100,93,51,3,3,51,100,100,52,100,100,51,50,"Pre_Experiment",50.1666666666667
"20",32,"C","7",58,53,2,5,17,92,46,72,29,50,100,50,54,"Pre_Experiment",37.8333333333333
"21",33,"C","1",41,55,100,19,8,9,44,78,100,41,100,44,11,"Pre_Experiment",38.6666666666667
"22",34,"C","4",70,100,85,78,26,48,55,43,39,69,100,81,70,"Pre_Experiment",67.8333333333333
"23",35,"C","5",100,100,49,47,47,47,100,100,100,100,100,100,100,"Pre_Experiment",65
"24",36,"R","9",100,64,71,57,50,44,92,100,100,48,93,53,48,"Pre_Experiment",64.3333333333333
"25",37,"R","5",55,55,95,46,50,49,50,47,51,55,85,49,45,"Pre_Experiment",58.3333333333333
"26",38,"R","8",53,74,64,9,21,50,42,65,79,15,88,18,25,"Pre_Experiment",45.1666666666667
"27",39,"R","6",96,52,92,100,74,11,49,59,100,57,91,81,6,"Pre_Experiment",70.8333333333333
"28",40,"R","3",18,46,44,19,51,48,51,56,67,17,100,17,28,"Pre_Experiment",37.6666666666667
"29",42,"R","10",91,75,78,13,51,9,91,51,86,21,90,22,9,"Pre_Experiment",52.8333333333333
"30",44,"R","1",96,9,49,11,43,2,46,19,59,19,96,0,44,"Pre_Experiment",35
"31",45,"R","7",49,50,87,17,51,52,88,93,81,52,100,65,54,"Pre_Experiment",51
"32",46,"S","9",62,83,54,55,55,51,89,90,78,82,100,50,70,"Pre_Experiment",60
"33",47,"S","1",50,100,9,49,20,6,64,9,7,14,98,13,12,"Pre_Experiment",39
"34",49,"S","4",87,89,88,54,88,52,52,100,100,49,96,99,5,"Pre_Experiment",76.3333333333333
"35",50,"S","2",53,54,50,99,61,51,100,97,95,100,100,65,51,"Pre_Experiment",61.3333333333333
"36",51,"S","10",52,79,70,25,25,50,64,81,57,49,100,52,51,"Pre_Experiment",50.1666666666667
"37",52,"S","8",100,49,55,51,54,12,100,100,100,47,100,100,49,"Pre_Experiment",53.5
"38",53,"S","7",47,90,50,4,5,8,99,14,51,47,96,13,52,"Pre_Experiment",34
"39",55,"S","6",70,62,61,27,18,44,35,100,56,26,100,49,61,"Pre_Experiment",47
"40",57,"R","1",49,87,74,57,57,51,70,71,68,87,100,60,67,"Pre_Experiment",62.5
"41",58,"R","9",91,45,54,35,14,23,68,66,10,51,100,0,52,"Pre_Experiment",43.6666666666667
"42",59,"R","10",64,58,48,0,51,0,60,76,0,69,100,0,9,"Pre_Experiment",36.8333333333333
"43",60,"R","2",91,65,8,4,9,36,91,100,21,73,100,23,85,"Pre_Experiment",35.5
"44",61,"C","9",43,4,4,27,10,30,46,60,6,22,100,3,56,"Pre_Experiment",19.6666666666667
"45",62,"C","5",48,21,27,0,39,78,69,69,29,20,100,43,55,"Pre_Experiment",35.5
"46",63,"C","6",92,35,7,32,38,56,72,58,32,54,100,42,65,"Pre_Experiment",43.3333333333333
"47",64,"C","8",22,14,44,0,0,17,78,56,32,29,100,51,39,"Pre_Experiment",16.1666666666667
"48",65,"C","7",50,25,24,22,20,11,79,80,17,24,100,71,52,"Pre_Experiment",25.3333333333333
"49",66,"S","8",8,0,9,0,47,8,61,49,8,48,100,50,27,"Pre_Experiment",12
"50",67,"S","2",17,17,0,3,24,3,100,100,86,69,100,30,82,"Pre_Experiment",10.6666666666667
"51",68,"S","10",93,59,40,24,37,34,100,97,54,54,100,53,77,"Pre_Experiment",47.8333333333333
"52",69,"S","9",49,24,0,9,7,8,40,63,9,14,100,16,21,"Pre_Experiment",16.1666666666667
"53",70,"S","1",41,0,0,0,0,24,50,49,1,75,100,26,42,"Pre_Experiment",10.8333333333333
"54",71,"S","4",80,42,55,10,21,9,72,10,59,1,100,1,17,"Pre_Experiment",36.1666666666667
"55",72,"S","5",15,27,18,0,19,16,33,35,14,15,100,13,28,"Pre_Experiment",15.8333333333333
"56",73,"S","3",4,0,0,0,0,0,1,1,33,3,99,7,4,"Pre_Experiment",0.666666666666667
"57",74,"S","1",91,56,59,2,45,50,74,52,50,8,100,50,50,"Pre_Experiment",50.5
"58",75,"S","6",68,34,27,11,10,32,48,61,41,58,100,53,66,"Pre_Experiment",30.3333333333333
"59",76,"S","7",49,50,38,16,49,27,48,51,51,51,100,55,25,"Pre_Experiment",38.1666666666667
"60",77,"R","6",45,57,52,18,48,52,77,64,48,58,100,53,52,"Pre_Experiment",45.3333333333333
"61",78,"R","1",48,50,47,0,0,8,48,100,0,0,100,0,9,"Pre_Experiment",25.5
"62",79,"R","2",7,14,23,17,15,50,44,13,81,3,100,11,39,"Pre_Experiment",21
"63",80,"R","3",56,60,15,8,23,26,19,25,16,5,100,11,23,"Pre_Experiment",31.3333333333333
"64",82,"R","8",3,1,2,3,3,8,1,49,3,3,100,1,13,"Pre_Experiment",3.33333333333333
"65",83,"R","7",57,58,40,43,39,60,82,70,57,37,100,68,73,"Pre_Experiment",49.5
"66",84,"R","9",100,51,35,0,28,9,100,86,43,31,100,34,35,"Pre_Experiment",37.1666666666667
"67",85,"R","5",37,48,81,0,20,13,51,62,77,3,100,14,13,"Pre_Experiment",33.1666666666667
"68",86,"C","4",51,78,93,56,74,60,54,87,88,50,100,100,57,"Pre_Experiment",68.6666666666667
"69",87,"C","2",4,22,37,2,25,36,30,35,46,14,100,43,44,"Pre_Experiment",21
"70",88,"C","7",50,61,57,53,43,35,82,83,39,70,80,22,99,"Pre_Experiment",49.8333333333333
"71",89,"C","1",82,100,26,19,19,55,94,100,22,69,100,62,70,"Pre_Experiment",50.1666666666667
"72",91,"C","5",61,55,60,51,46,42,54,47,75,74,99,75,52,"Pre_Experiment",52.5
"73",92,"C","3",75,83,66,64,81,78,72,84,85,85,100,77,75,"Pre_Experiment",74.5
"74",94,"S","2",61,89,50,18,18,45,52,97,57,19,100,14,69,"Pre_Experiment",46.8333333333333
"75",95,"S","4",54,49,35,28,69,54,76,29,27,44,100,52,43,"Pre_Experiment",48.1666666666667
"76",96,"S","3",90,74,97,38,54,45,91,95,89,76,100,57,53,"Pre_Experiment",66.3333333333333
"77",97,"S","1",65,74,78,64,63,52,73,76,81,60,100,83,52,"Pre_Experiment",66
"78",98,"R","1",55,52,57,36,56,36,74,66,74,50,100,63,37,"Pre_Experiment",48.6666666666667
"79",99,"R","4",48,55,46,52,53,51,100,100,100,100,100,48,55,"Pre_Experiment",50.8333333333333
"80",100,"R","3",50,100,99,0,51,50,51,100,100,0,100,47,51,"Pre_Experiment",58.3333333333333
"81",101,"R","2",10,3,2,7,24,37,9,17,15,19,100,21,18,"Pre_Experiment",13.8333333333333
"82",102,"C","7",34,18,62,0,22,15,81,66,53,5,100,32,38,"Pre_Experiment",25.1666666666667
"83",103,"C","3",55,66,100,53,58,40,59,95,49,50,100,54,41,"Pre_Experiment",62
"84",104,"C","5",100,54,67,34,51,49,59,75,52,51,100,50,60,"Pre_Experiment",59.1666666666667
"85",105,"C","8",83,85,52,50,61,74,94,100,92,98,100,93,76,"Pre_Experiment",67.5
"86",106,"C","10",53,88,63,19,47,50,59,48,40,30,100,48,49,"Pre_Experiment",53.3333333333333
"87",107,"C","9",26,42,11,2,2,19,13,31,26,20,100,36,0,"Pre_Experiment",17
"88",109,"C","1",52,71,80,81,51,49,78,84,81,72,100,68,60,"Pre_Experiment",64
"89",110,"C","4",62,59,57,50,49,28,58,38,56,48,100,49,35,"Pre_Experiment",50.8333333333333
"90",111,"S","2",52,53,50,24,0,35,26,47,28,20,100,25,27,"Pre_Experiment",35.6666666666667
"91",112,"S","4",100,100,100,54,53,52,100,100,100,100,100,100,100,"Pre_Experiment",76.5
"92",113,"S","7",62,54,51,53,53,49,100,88,54,51,100,34,51,"Pre_Experiment",53.6666666666667
"93",114,"S","6",51,50,53,51,29,48,100,100,55,63,100,36,50,"Pre_Experiment",47
"94",115,"S","5",100,79,0,19,20,52,100,100,20,28,100,27,75,"Pre_Experiment",45
"95",116,"S","1",50,100,82,93,91,46,91,99,100,99,100,95,56,"Pre_Experiment",77
"96",117,"S","3",100,89,89,50,93,55,90,90,79,67,100,66,50,"Pre_Experiment",79.3333333333333
"97",118,"R","6",99,100,51,55,54,0,100,100,47,52,100,54,29,"Pre_Experiment",59.8333333333333
"98",119,"R","3",49,25,27,0,0,0,49,75,49,24,100,23,30,"Pre_Experiment",16.8333333333333
"99",120,"R","1",96,100,55,51,53,54,100,50,53,75,100,56,48,"Pre_Experiment",68.1666666666667
"100",121,"R","2",100,50,15,0,0,9,100,51,0,0,100,0,7,"Pre_Experiment",29
"101",122,"R","4",51,18,34,9,31,8,49,31,83,13,100,66,19,"Pre_Experiment",25.1666666666667
"102",123,"R","5",74,50,19,23,50,12,46,64,19,15,100,16,21,"Pre_Experiment",38
"103",124,"C","2",85,69,54,16,17,24,71,73,17,54,100,57,17,"Pre_Experiment",44.1666666666667
"104",125,"C","4",100,6,4,7,5,51,100,100,8,53,95,12,31,"Pre_Experiment",28.8333333333333
"105",126,"C","05",57,100,51,54,54,100,100,11,7,7,100,10,53,"Pre_Experiment",69.3333333333333
"106",128,"C","3",50,47,77,78,61,0,77,78,73,38,100,56,15,"Pre_Experiment",52.1666666666667
"107",129,"C","7",37,32,47,16,56,23,48,48,57,40,100,65,26,"Pre_Experiment",35.1666666666667
"108",130,"C","6",100,100,41,68,68,52,100,100,3,40,100,22,52,"Pre_Experiment",71.5
"109",131,"S","8",46,49,17,13,18,50,27,33,30,32,100,35,54,"Pre_Experiment",32.1666666666667
"110",132,"S","6",48,85,52,0,19,29,50,74,40,32,100,45,68,"Pre_Experiment",38.8333333333333
"111",133,"S","7",60,56,39,10,20,53,71,79,63,61,100,58,62,"Pre_Experiment",39.6666666666667
"112",134,"S","4",18,51,19,3,4,11,70,35,14,11,100,17,29,"Pre_Experiment",17.6666666666667
"113",135,"S","5",24,16,4,18,16,20,73,72,53,50,100,27,33,"Pre_Experiment",16.3333333333333
"114",136,"S","3",52,46,47,1,41,30,55,57,56,17,100,53,57,"Pre_Experiment",36.1666666666667
"115",137,"S","1",82,74,70,48,56,26,100,100,84,90,100,100,53,"Pre_Experiment",59.3333333333333
"116",138,"S","2",47,100,48,28,54,16,58,100,54,47,100,55,48,"Pre_Experiment",48.8333333333333
"117",139,"C","6",70,42,16,14,24,50,61,42,1,6,95,11,50,"Pre_Experiment",36
"118",140,"C","4",9,80,11,0,5,3,22,46,7,2,100,3,17,"Pre_Experiment",18
"119",141,"C","2",4,4,15,3,13,3,30,31,29,15,100,35,28,"Pre_Experiment",7
"120",142,"C","1",14,15,7,11,8,9,15,24,27,20,90,49,18,"Pre_Experiment",10.6666666666667
"121",143,"C","3",77,98,21,0,9,31,82,83,64,9,100,53,43,"Pre_Experiment",39.3333333333333
"122",144,"C","5",73,62,48,9,28,15,69,77,49,36,100,33,19,"Pre_Experiment",39.1666666666667
"123",146,"R","1",59,51,0,6,7,17,47,49,47,11,100,12,14,"Pre_Experiment",23.3333333333333
"124",147,"R","8",53,53,50,52,52,50,41,37,14,16,100,28,28,"Pre_Experiment",51.6666666666667
"125",148,"R","7",51,68,49,32,48,49,31,76,46,52,100,51,38,"Pre_Experiment",49.5
"126",149,"R","6",51,67,51,63,65,51,69,81,58,60,100,50,59,"Pre_Experiment",58
"127",150,"R","2",45,50,46,26,14,11,45,52,19,36,100,48,18,"Pre_Experiment",32
"128",151,"R","3",50,51,52,29,53,51,51,51,39,52,100,51,50,"Pre_Experiment",47.6666666666667
"129",152,"R","4",0,17,8,16,14,9,51,25,22,0,100,32,26,"Pre_Experiment",10.6666666666667
"130",153,"S","S05",85,53,80,83,58,52,76,80,77,59,100,69,72,"Pre_Experiment",68.5
"131",154,"S","502",23,14,25,8,9,21,63,32,49,14,100,38,44,"Pre_Experiment",16.6666666666667
"132",156,"S","506",80,52,58,49,53,8,77,75,64,56,100,64,49,"Pre_Experiment",50
"133",157,"S","504",0,39,23,0,12,26,0,18,18,1,100,18,26,"Pre_Experiment",16.6666666666667
"134",158,"S","S10",84,46,14,0,42,49,42,28,46,0,100,48,50,"Pre_Experiment",39.1666666666667
"135",159,"S","S07",74,72,69,68,64,63,67,62,56,84,100,62,67,"Pre_Experiment",68.3333333333333
"136",160,"S","501",49,46,60,9,13,34,58,60,55,32,100,41,41,"Pre_Experiment",35.1666666666667
"137",161,"S","509",73,65,81,17,51,27,52,51,83,66,86,51,52,"Pre_Experiment",52.3333333333333
"138",162,"R","R07",77,43,62,43,21,31,100,100,73,71,100,48,50,"Pre_Experiment",46.1666666666667
"139",163,"R","R01",9,31,28,0,50,27,4,11,33,0,100,53,28,"Pre_Experiment",24.1666666666667
"140",166,"R","R10",85,3,100,19,19,25,95,64,79,14,100,7,26,"Pre_Experiment",41.8333333333333
"141",167,"R","R08",66,70,53,0,9,50,86,70,79,25,100,58,69,"Pre_Experiment",41.3333333333333
"142",168,"R","R04",100,90,46,2,50,5,100,64,51,51,100,54,0,"Pre_Experiment",48.8333333333333
"143",169,"R","R02",25,25,49,0,2,2,63,55,49,3,100,5,13,"Pre_Experiment",17.1666666666667
"144",170,"R","R09",49,49,22,2,42,5,31,35,25,10,100,26,9,"Pre_Experiment",28.1666666666667
"145",171,"R","R03",48,30,39,6,48,29,8,39,47,12,100,27,28,"Pre_Experiment",33.3333333333333
"146",172,"C","C03",100,55,37,3,47,32,49,23,77,0,100,62,11,"Pre_Experiment",45.6666666666667
"147",173,"C","C10",27,50,33,0,53,12,52,39,52,0,100,49,0,"Pre_Experiment",29.1666666666667
"148",174,"C","C07",100,46,64,14,19,48,80,47,61,27,100,76,61,"Pre_Experiment",48.5
"149",175,"C","C02",41,50,29,11,24,55,49,68,46,9,100,40,56,"Pre_Experiment",35
"150",176,"C","C09",47,49,50,48,47,20,70,88,68,49,100,61,35,"Pre_Experiment",43.5
"151",177,"C","C08",89,29,60,41,47,91,21,25,23,22,79,42,67,"Pre_Experiment",59.5
"152",178,"C","05",20,30,16,0,8,20,20,26,25,16,100,19,35,"Pre_Experiment",15.6666666666667
"153",179,"C","C01",16,8,34,5,18,2,51,67,56,5,100,25,36,"Pre_Experiment",13.8333333333333
"154",180,"C","C04",70,53,50,1,30,35,50,67,60,48,98,47,50,"Pre_Experiment",39.8333333333333
"155",182,"R","5",47,82,86,48,48,30,79,52,51,66,100,66,52,"Pre_Experiment",56.8333333333333
"156",183,"R","6",75,86,54,5,1,32,87,96,83,24,100,29,46,"Pre_Experiment",42.1666666666667
"157",184,"R","5",79,61,100,29,53,37,67,64,31,23,100,36,47,"Pre_Experiment",59.8333333333333
"158",185,"R","2",30,36,62,23,43,20,31,46,57,39,100,50,32,"Pre_Experiment",35.6666666666667
"159",186,"R","1",85,75,63,20,16,67,82,80,77,40,100,41,67,"Pre_Experiment",54.3333333333333
"160",187,"R","4",50,31,52,2,81,11,42,41,19,0,100,15,2,"Pre_Experiment",37.8333333333333
"161",188,"R","3",72,18,55,20,59,13,81,82,33,14,96,13,31,"Pre_Experiment",39.5
"162",189,"S","1",40,100,91,0,81,54,52,80,37,7,100,28,51,"Pre_Experiment",61
"163",190,"S","10",83,86,5,4,5,46,92,92,5,53,100,6,47,"Pre_Experiment",38.1666666666667
"164",191,"S","9",74,54,31,13,31,33,52,55,39,43,100,44,49,"Pre_Experiment",39.3333333333333
"165",192,"S","2",91,59,18,11,23,37,76,70,60,34,100,32,40,"Pre_Experiment",39.8333333333333
"166",193,"S","3",48,46,22,11,30,47,51,66,30,24,100,46,50,"Pre_Experiment",34
"167",194,"S","7",45,48,48,49,49,30,59,60,18,13,98,17,18,"Pre_Experiment",44.8333333333333
"168",195,"S","5",69,51,44,29,44,28,52,67,63,68,100,56,39,"Pre_Experiment",44.1666666666667
"169",196,"S","4",78,82,25,39,13,37,49,87,19,14,100,30,43,"Pre_Experiment",45.6666666666667
"170",197,"S","6",87,39,49,10,54,27,62,86,26,16,100,23,28,"Pre_Experiment",44.3333333333333
"171",198,"R","6",36,67,69,33,38,66,60,87,63,68,100,70,57,"Pre_Experiment",51.5
"172",199,"R","1",71,64,40,28,24,34,41,88,64,28,100,35,39,"Pre_Experiment",43.5
"173",200,"R","3",80,92,8,18,0,47,21,30,15,16,100,12,0,"Pre_Experiment",40.8333333333333
"174",201,"R","5",87,77,64,0,23,10,24,79,16,4,100,9,9,"Pre_Experiment",43.5
"175",202,"R","9",56,58,15,3,8,29,64,59,31,30,100,42,31,"Pre_Experiment",28.1666666666667
"176",203,"R","7",100,52,46,15,48,49,48,50,46,53,100,50,50,"Pre_Experiment",51.6666666666667
"177",204,"R","4",91,71,69,13,18,35,79,77,68,19,100,22,36,"Pre_Experiment",49.5
"178",205,"C","6",84,78,27,17,46,28,85,91,46,33,100,57,27,"Pre_Experiment",46.6666666666667
"179",206,"C","5",9,8,10,0,11,31,0,0,0,0,100,25,0,"Pre_Experiment",11.5
"180",207,"C","9",83,70,71,33,48,60,73,70,61,77,100,66,60,"Pre_Experiment",60.8333333333333
"181",208,"C","3",100,74,83,63,64,80,100,100,95,100,100,85,95,"Pre_Experiment",77.3333333333333
"182",209,"C","4",70,71,76,46,46,48,82,100,100,87,100,85,53,"Pre_Experiment",59.5
"183",210,"C","10",86,87,95,80,35,63,94,97,65,83,100,81,63,"Pre_Experiment",74.3333333333333
"184",211,"C","7",68,49,64,71,58,49,80,72,71,61,100,51,52,"Pre_Experiment",59.8333333333333
"185",212,"S","7",13,13,11,13,14,6,25,30,35,34,100,34,25,"Pre_Experiment",11.6666666666667
"186",213,"S","8",50,52,50,34,48,32,75,77,70,63,100,67,42,"Pre_Experiment",44.3333333333333
"187",214,"S","4",79,44,48,50,51,52,71,74,71,71,100,52,54,"Pre_Experiment",54
"188",215,"S","3",51,22,32,15,16,0,34,32,4,2,100,4,0,"Pre_Experiment",22.6666666666667
"189",216,"S","5",11,6,4,6,6,6,20,20,31,14,100,31,14,"Pre_Experiment",6.5
"190",217,"S","1",47,44,48,43,39,38,50,70,60,58,100,63,57,"Pre_Experiment",43.1666666666667
"191",218,"S","2",46,28,30,33,27,34,52,33,28,24,100,21,22,"Pre_Experiment",33
"192",219,"S","6",18,28,76,8,83,8,47,73,46,58,100,37,29,"Pre_Experiment",36.8333333333333
"193",220,"R","8",9,18,18,13,13,7,58,100,100,70,100,100,52,"Pre_Experiment",13
"194",221,"R","7",72,17,18,16,19,5,100,100,85,100,100,92,100,"Pre_Experiment",24.5
"195",222,"R","9",96,51,3,52,52,0,98,84,73,77,100,67,16,"Pre_Experiment",42.3333333333333
"196",223,"R","1",70,70,71,52,52,72,74,74,91,81,100,73,72,"Pre_Experiment",64.5
"197",224,"R","10",100,75,49,78,51,49,100,80,80,91,100,55,51,"Pre_Experiment",67
"198",226,"R","5",100,100,51,100,52,52,100,83,87,87,100,84,71,"Pre_Experiment",75.8333333333333
"199",227,"R","2",86,19,18,14,30,51,75,77,78,89,100,49,51,"Pre_Experiment",36.3333333333333
"200",228,"R","6",50,70,52,49,49,0,49,76,76,50,100,72,28,"Pre_Experiment",45
"201",229,"C","1",100,0,100,3,3,10,100,50,21,42,100,51,11,"Pre_Experiment",36
"202",230,"C","8",9,9,49,15,49,7,31,51,68,55,93,74,51,"Pre_Experiment",23
"203",231,"C","4",75,71,33,18,10,7,100,100,68,82,100,50,35,"Pre_Experiment",35.6666666666667
"204",232,"C","10",82,80,49,75,52,8,78,75,51,100,100,84,6,"Pre_Experiment",57.6666666666667
"205",233,"C","6",24,100,72,50,36,6,50,37,11,30,100,18,10,"Pre_Experiment",48
"206",234,"C","7",100,80,50,50,52,50,100,81,54,83,100,20,42,"Pre_Experiment",63.6666666666667
"207",236,"C","5",47,39,73,50,100,0,54,68,75,0,100,64,26,"Pre_Experiment",51.5
"208",237,"C","9",65,36,47,34,45,4,57,86,39,39,100,46,35,"Pre_Experiment",38.5
"209",238,"C","2",100,100,46,50,100,48,48,100,100,100,100,50,2,"Pre_Experiment",74
"210",239,"R","4",53,72,59,100,77,12,100,100,100,36,84,96,27,"Pre_Experiment",62.1666666666667
"211",240,"C","6",19,52,11,5,15,51,13,54,53,5,100,50,14,"Pre_Experiment",25.5
"212",241,"C","3",71,43,31,35,33,43,66,64,20,40,100,41,40,"Pre_Experiment",42.6666666666667
"213",242,"C","4",78,51,30,28,39,50,70,39,16,39,100,50,48,"Pre_Experiment",46
"214",243,"C","1",100,70,54,51,53,50,100,79,68,80,100,78,50,"Pre_Experiment",63
"215",244,"R","1",86,100,58,44,41,17,100,25,100,14,100,54,11,"Pre_Experiment",57.6666666666667
"216",245,"R","7",52,67,11,9,10,32,50,49,16,3,98,7,4,"Pre_Experiment",30.1666666666667
"217",246,"R","3",100,21,9,9,9,13,11,13,11,13,100,9,10,"Pre_Experiment",26.8333333333333
"218",247,"R","5",25,61,46,47,30,13,62,80,43,61,88,55,48,"Pre_Experiment",37
"219",248,"R","2",61,12,9,0,0,0,80,63,65,69,100,64,36,"Pre_Experiment",13.6666666666667
"220",249,"R","6",68,74,19,5,30,46,59,71,28,35,100,44,49,"Pre_Experiment",40.3333333333333
"221",250,"R","4",55,49,42,32,17,72,77,75,51,35,100,51,66,"Pre_Experiment",44.5
"222",252,"S","4",90,68,52,27,27,38,65,73,79,55,100,73,41,"Pre_Experiment",50.3333333333333
"223",253,"S","7",89,56,23,7,5,14,99,98,86,95,100,58,6,"Pre_Experiment",32.3333333333333
"224",254,"S","6",88,75,49,37,46,0,72,81,39,40,100,72,26,"Pre_Experiment",49.1666666666667
"225",255,"S","1",24,77,52,49,50,4,97,99,49,91,87,54,50,"Pre_Experiment",42.6666666666667
"226",256,"S","3",56,39,48,24,64,43,59,60,71,65,100,77,58,"Pre_Experiment",45.6666666666667
"227",257,"S","2",40,41,39,37,38,45,65,64,39,51,100,51,54,"Pre_Experiment",40
"228",259,"S","1",83,83,88,13,59,28,40,33,71,7,100,48,32,"Pre_Experiment",59
"229",260,"S","5",81,68,76,9,64,53,96,93,65,53,84,63,57,"Pre_Experiment",58.5
"230",262,"S","2",78,27,48,6,46,10,70,37,65,50,100,49,32,"Pre_Experiment",35.8333333333333
"231",263,"S","4",63,68,50,24,51,51,80,52,50,3,100,50,50,"Pre_Experiment",51.1666666666667
"232",264,"S","S8",52,50,61,55,36,66,87,86,66,41,96,78,77,"Pre_Experiment",53.3333333333333
"233",265,"S","S5",50,71,35,34,21,49,80,64,68,54,100,49,81,"Pre_Experiment",43.3333333333333
"234",266,"S","S9",8,2,3,5,5,1,87,98,70,74,100,62,98,"Pre_Experiment",4
"235",267,"S","S6",47,50,51,47,48,48,52,100,51,50,99,51,51,"Pre_Experiment",48.5
"236",268,"S","S10",54,52,51,53,49,16,53,54,28,50,100,51,75,"Pre_Experiment",45.8333333333333
"237",269,"S","S1",100,49,50,44,39,46,48,46,44,53,100,45,100,"Pre_Experiment",54.6666666666667
"238",271,"S","S7",55,100,0,52,50,100,48,100,100,100,100,48,100,"Pre_Experiment",59.5
"239",273,"R","R1",74,54,32,42,65,26,49,50,28,0,100,24,56,"Pre_Experiment",48.8333333333333
"240",274,"R","R9",66,71,22,4,53,71,47,55,51,5,100,26,64,"Pre_Experiment",47.8333333333333
"241",275,"R","R2",4,97,54,0,3,4,48,46,49,50,96,96,47,"Pre_Experiment",27
"242",276,"R","R4",53,57,50,3,51,51,54,54,53,54,100,54,50,"Pre_Experiment",44.1666666666667
"243",278,"S","S2",11,57,76,66,94,59,45,93,85,85,100,100,67,"Pre_Experiment",60.5
"244",280,"R","R6",10,8,10,1,0,0,10,9,13,7,100,6,4,"Pre_Experiment",4.83333333333333
"245",281,"R","R8",0,100,100,0,0,0,4,100,100,10,100,9,9,"Pre_Experiment",33.3333333333333
"246",282,"R","R5",68,100,15,9,10,8,69,16,11,26,100,33,4,"Pre_Experiment",35
"247",283,"C","C1",50,100,52,4,53,54,49,100,54,55,100,48,54,"Pre_Experiment",52.1666666666667
"248",284,"C","C9",47,99,50,48,51,50,49,51,49,99,100,100,49,"Pre_Experiment",57.5
"249",285,"C","C8",100,100,53,8,5,50,100,100,5,100,100,31,67,"Pre_Experiment",52.6666666666667
"250",286,"C","C3",54,100,55,0,6,48,60,100,51,0,100,54,52,"Pre_Experiment",43.8333333333333
"251",287,"C","C2",51,47,47,3,0,8,52,51,55,47,100,52,9,"Pre_Experiment",26
"252",288,"C","C6",78,100,54,53,34,49,83,67,55,61,100,74,57,"Pre_Experiment",61.3333333333333
"253",289,"C","C5",92,4,48,47,46,95,89,89,45,50,89,50,52,"Pre_Experiment",55.3333333333333
"254",290,"C","C10",48,97,98,43,46,51,48,94,95,46,95,97,94,"Pre_Experiment",63.8333333333333
"255",291,"C","C7",41,83,29,89,75,87,94,60,61,80,100,53,73,"Pre_Experiment",67.3333333333333
"256",292,"C","C4",46,38,28,9,22,24,12,34,18,28,100,67,64,"Pre_Experiment",27.8333333333333
"257",293,"C","7",82,83,79,60,71,50,77,73,67,25,100,59,50,"Pre_Experiment",70.8333333333333
"258",296,"C","B",58,27,48,9,4,64,58,41,40,7,100,25,47,"Pre_Experiment",35
"259",298,"C","4",48,47,50,0,0,12,50,58,49,26,100,63,24,"Pre_Experiment",26.1666666666667
"260",299,"S","7",4,3,4,1,0,0,15,9,11,0,100,6,5,"Pre_Experiment",2
"261",300,"S","4",40,30,46,0,0,0,19,0,21,0,100,31,0,"Pre_Experiment",19.3333333333333
"262",301,"S","5",11,7,5,3,3,12,7,9,9,9,100,12,10,"Pre_Experiment",6.83333333333333
"263",302,"S","1",45,47,52,45,51,45,55,64,73,69,94,75,78,"Pre_Experiment",47.5
"264",303,"S","6",52,66,42,13,33,14,12,10,9,10,100,13,11,"Pre_Experiment",36.6666666666667
"265",304,"S","3",80,100,84,56,63,50,93,90,20,71,100,59,30,"Pre_Experiment",72.1666666666667
"266",305,"R","10",40,51,16,8,4,6,66,34,36,21,100,17,13,"Pre_Experiment",20.8333333333333
"267",306,"R","9",26,62,15,3,15,25,28,76,19,25,100,24,25,"Pre_Experiment",24.3333333333333
"268",307,"R","1",15,0,11,3,5,8,44,37,28,13,100,17,33,"Pre_Experiment",7
"269",308,"R","3",64,54,34,20,16,26,50,64,55,54,100,50,45,"Pre_Experiment",35.6666666666667
"270",310,"R","4",50,48,24,23,67,8,50,47,20,45,100,65,8,"Pre_Experiment",36.6666666666667
"271",311,"R","7",93,90,88,53,51,53,87,53,57,54,100,55,54,"Pre_Experiment",71.3333333333333
"272",312,"R","8",66,53,15,30,15,0,62,88,25,34,100,29,51,"Pre_Experiment",29.8333333333333
"273",313,"R","6",94,52,23,48,47,44,53,52,29,49,100,49,48,"Pre_Experiment",51.3333333333333
"274",314,"C","1",15,14,14,12,12,25,97,79,78,54,100,55,37,"Pre_Experiment",15.3333333333333
"275",315,"C","7",55,45,47,8,49,52,55,48,53,18,100,48,50,"Pre_Experiment",42.6666666666667
"276",316,"C","5",47,74,0,6,32,71,80,12,57,8,94,9,0,"Pre_Experiment",38.3333333333333
"277",317,"C","6",45,71,45,40,46,51,70,76,56,72,100,60,68,"Pre_Experiment",49.6666666666667
"278",318,"C","4",78,77,18,98,21,23,23,39,45,15,100,42,17,"Pre_Experiment",52.5
"279",319,"C","3",43,42,18,17,37,49,57,92,51,46,100,50,79,"Pre_Experiment",34.3333333333333
"280",320,"R","P5",69,86,87,51,69,60,57,61,68,56,100,65,50,"Pre_Experiment",70.3333333333333
"281",321,"R","P4",71,79,64,18,45,30,66,74,73,59,99,71,47,"Pre_Experiment",51.1666666666667
"282",322,"R","P6",78,86,66,44,53,40,85,61,56,51,100,72,57,"Pre_Experiment",61.1666666666667
"283",323,"R","P2",88,75,76,58,67,38,73,69,61,60,99,62,58,"Pre_Experiment",67
"284",325,"C","8",50,41,26,1,19,2,39,32,40,10,88,29,24,"Pre_Experiment",23.1666666666667
"285",326,"C","3",100,100,26,32,63,60,100,100,67,58,100,69,68,"Pre_Experiment",63.5
"286",327,"C","2",23,49,48,47,51,49,50,49,26,21,100,48,32,"Pre_Experiment",44.5
"287",328,"C","1",26,100,33,0,46,9,30,63,48,24,100,63,20,"Pre_Experiment",35.6666666666667
"288",329,"C","6",55,79,73,0,50,47,100,100,100,14,100,54,50,"Pre_Experiment",50.6666666666667
"289",330,"C","9",13,10,76,5,29,26,37,35,68,36,82,78,35,"Pre_Experiment",26.5
"290",331,"C","7",48,100,18,53,64,34,71,72,44,28,78,58,52,"Pre_Experiment",52.8333333333333
"291",332,"C","4",34,79,51,29,51,72,69,73,69,58,100,66,71,"Pre_Experiment",52.6666666666667
"292",333,"C","5",9,86,7,7,9,13,49,100,27,52,100,32,28,"Pre_Experiment",21.8333333333333
"293",334,"S","4",45,77,97,10,73,20,65,78,72,45,100,76,35,"Pre_Experiment",53.6666666666667
"294",335,"S","6",64,52,47,14,46,45,42,73,29,33,100,53,32,"Pre_Experiment",44.6666666666667
"295",336,"S","5",0,0,0,0,0,0,13,29,20,9,100,0,20,"Pre_Experiment",0
"296",337,"S","1",100,58,50,13,52,22,100,65,59,8,100,56,25,"Pre_Experiment",49.1666666666667
"297",338,"S","10",49,48,50,0,48,0,13,57,51,0,100,10,10,"Pre_Experiment",32.5
"298",339,"S","7",83,74,47,3,22,29,100,100,69,46,100,84,50,"Pre_Experiment",43
"299",340,"S","9",86,87,51,36,49,63,89,88,74,75,100,83,85,"Pre_Experiment",62
"300",341,"S","2",100,100,36,36,57,57,100,100,63,82,100,61,69,"Pre_Experiment",64.3333333333333
"301",343,"S","3",100,100,49,33,48,50,100,100,54,52,100,55,50,"Pre_Experiment",63.3333333333333
"302",345,"S","3Bog09",0,5,0,0,0,0,12,0,0,0,100,0,0,"Pre_Experiment",0.833333333333333
"303",347,"S","3Bog04",7,7,7,7,6,8,51,52,5,1,100,7,7,"Pre_Experiment",7
"304",348,"S","3Bog01",36,100,12,0,13,17,37,100,0,0,100,10,8,"Pre_Experiment",29.6666666666667
"305",349,"S","3 Bog 07",50,88,56,0,50,6,54,73,93,47,94,52,6,"Pre_Experiment",41.6666666666667
"306",350,"S","3Bog02",5,6,2,1,1,19,0,31,3,3,100,7,34,"Pre_Experiment",5.66666666666667
"307",351,"S","3Bog08",6,5,19,4,1,13,10,35,37,8,100,23,25,"Pre_Experiment",8
"308",352,"S","3Bog06",27,100,100,17,50,50,29,84,83,29,100,36,49,"Pre_Experiment",57.3333333333333
"309",353,"C","1Bog04",48,0,100,7,88,30,18,15,53,1,100,72,4,"Pre_Experiment",45.5
"310",354,"C","1Bog02",10,9,3,2,4,20,22,20,11,9,100,14,4,"Pre_Experiment",8
"311",357,"C","1Bog10",56,45,55,4,12,59,42,31,28,16,81,24,21,"Pre_Experiment",38.5
"312",358,"C","1Bog06",11,40,4,5,3,3,53,54,66,7,100,49,8,"Pre_Experiment",11
"313",360,"C","1Bog09",35,23,15,1,7,13,51,13,13,5,100,22,8,"Pre_Experiment",15.6666666666667
"314",361,"R","2Bog02",43,46,50,0,0,0,49,99,90,1,97,2,10,"Pre_Experiment",23.1666666666667
"315",362,"R","2 Bog 06",53,50,49,22,15,29,52,62,27,47,100,27,41,"Pre_Experiment",36.3333333333333
"316",363,"R","2Bog03",49,53,44,0,13,19,52,51,48,47,77,48,43,"Pre_Experiment",29.6666666666667
"317",365,"R","2Bog04",85,66,80,7,36,26,63,39,44,31,100,26,21,"Pre_Experiment",50
"318",367,"R","2Bog05",10,0,0,0,0,0,0,40,18,3,100,0,5,"Pre_Experiment",1.66666666666667
"319",368,"R","2 Bog 08",52,50,78,16,57,47,80,79,66,67,100,58,69,"Pre_Experiment",50
"320",369,"S","5",74,100,34,0,50,27,68,100,81,50,100,51,48,"Pre_Experiment",47.5
"321",370,"S","9",0,0,0,0,0,0,0,0,0,0,100,0,0,"Pre_Experiment",0
"322",371,"S","8",1,53,1,0,0,43,3,3,4,2,100,8,8,"Pre_Experiment",16.3333333333333
"323",372,"S","2",53,50,49,15,51,34,66,51,26,16,100,51,31,"Pre_Experiment",42
"324",373,"S","10",50,47,48,53,49,33,51,71,65,51,100,50,28,"Pre_Experiment",46.6666666666667
"325",374,"S","6",78,86,51,51,33,51,68,41,68,28,100,51,51,"Pre_Experiment",58.3333333333333
"326",375,"S","3",67,69,100,77,53,51,77,67,73,19,100,27,63,"Pre_Experiment",69.5
"327",376,"R","16",18,38,81,11,47,5,16,74,72,11,100,48,4,"Pre_Experiment",33.3333333333333
"328",377,"R","17",50,87,54,63,60,52,54,83,51,43,100,54,56,"Pre_Experiment",61
"329",378,"R","11",51,70,60,0,51,15,51,65,50,10,100,51,2,"Pre_Experiment",41.1666666666667
"330",379,"R","18",49,49,70,45,51,45,74,75,76,48,100,74,66,"Pre_Experiment",51.5
"331",380,"R","13",27,31,26,24,23,32,54,78,20,34,100,22,50,"Pre_Experiment",27.1666666666667
"332",381,"R","19",23,79,50,1,28,9,50,65,43,18,100,37,10,"Pre_Experiment",31.6666666666667
"333",382,"R","12",44,97,51,51,57,75,100,100,80,51,100,51,76,"Pre_Experiment",62.5
"334",383,"R","20",48,75,48,19,18,6,64,86,16,17,100,14,50,"Pre_Experiment",35.6666666666667
"335",384,"R","15",63,57,46,22,47,32,80,89,62,60,100,58,62,"Pre_Experiment",44.5
"336",386,"C","27",76,30,38,5,13,18,59,34,37,21,100,25,16,"Pre_Experiment",30
"337",387,"C","29",63,56,65,3,48,26,42,55,68,21,100,67,39,"Pre_Experiment",43.5
"338",388,"C","28",47,29,45,21,17,29,71,57,52,39,100,56,40,"Pre_Experiment",31.3333333333333
"339",389,"C","25",21,58,45,0,30,10,53,60,24,6,100,34,34,"Pre_Experiment",27.3333333333333
"340",390,"C","24",92,44,13,43,44,0,22,27,58,12,100,23,16,"Pre_Experiment",39.3333333333333
"341",391,"C","21",100,100,13,20,30,7,80,84,71,58,100,47,51,"Pre_Experiment",45
"342",392,"C","22",52,31,53,51,43,16,88,74,27,52,100,38,26,"Pre_Experiment",41
"343",393,"C","23",9,32,100,6,9,7,1,15,10,0,100,11,0,"Pre_Experiment",27.1666666666667
"344",394,"C","26",49,48,23,18,49,11,58,55,21,53,100,17,12,"Pre_Experiment",33
"345",395,"C","(I dont remember but will check with you after?)",55,65,54,51,54,13,66,76,34,27,100,25,8,"Pre_Experiment",48.6666666666667
"346",396,"C","Red637",70,77,45,0,7,1,35,35,17,15,100,14,17,"Pre_Experiment",33.3333333333333
"347",397,"C","6",40,77,61,21,44,8,51,100,52,15,100,61,25,"Pre_Experiment",41.8333333333333
"348",398,"C","Green080",62,61,49,33,32,62,52,63,25,38,100,28,74,"Pre_Experiment",49.8333333333333
"349",399,"C","FF941",73,100,36,6,20,18,71,62,50,44,100,41,36,"Pre_Experiment",42.1666666666667
"350",400,"C","Spaghetti De la Hood 9613",25,14,39,0,1,31,47,26,26,6,100,9,28,"Pre_Experiment",18.3333333333333
"351",401,"S","6",45,26,39,7,5,32,74,100,52,66,100,49,50,"Pre_Experiment",25.6666666666667
"352",402,"S","1",79,48,15,3,4,2,48,37,34,10,100,30,50,"Pre_Experiment",25.1666666666667
"353",403,"S","5",81,84,46,59,51,34,83,95,98,77,100,78,51,"Pre_Experiment",59.1666666666667
"354",405,"S","4",49,49,26,25,50,50,50,50,49,50,100,49,49,"Pre_Experiment",41.5
"355",406,"S","MM565",87,84,51,25,50,60,81,87,51,36,100,21,61,"Pre_Experiment",59.5
"356",407,"S","1",52,44,9,0,7,47,74,74,23,14,100,10,68,"Pre_Experiment",26.5
"357",408,"S","S",100,100,73,5,36,69,100,100,100,100,100,77,73,"Pre_Experiment",63.8333333333333
"358",409,"S","kt3108",52,73,62,21,46,51,50,50,46,31,100,43,52,"Pre_Experiment",50.8333333333333
"359",410,"S","4",14,10,66,3,45,38,50,71,84,61,100,64,68,"Pre_Experiment",29.3333333333333
"360",412,"C","4",47,21,57,23,42,47,48,46,41,49,100,50,48,"Pre_Experiment",39.5
"361",413,"C","6",100,50,47,24,24,52,55,0,0,0,100,48,49,"Pre_Experiment",49.5
"362",414,"C","2",95,63,28,47,48,47,99,85,72,67,100,77,78,"Pre_Experiment",54.6666666666667
"363",415,"C","7",88,100,47,52,65,82,84,100,52,73,100,50,85,"Pre_Experiment",72.3333333333333
"364",416,"C","3",77,70,1,47,0,26,85,79,0,80,100,19,6,"Pre_Experiment",36.8333333333333
"365",417,"C","10",9,36,100,2,51,0,54,98,99,5,100,79,5,"Pre_Experiment",33
"366",418,"S","16",100,46,41,56,16,5,53,52,50,14,100,50,5,"Pre_Experiment",44
"367",419,"S","18",34,53,26,29,33,13,36,51,31,22,100,28,8,"Pre_Experiment",31.3333333333333
"368",420,"S","11",100,50,78,11,18,10,75,68,56,33,100,35,49,"Pre_Experiment",44.5
"369",421,"S","13",69,16,67,0,59,13,74,39,60,13,100,63,3,"Pre_Experiment",37.3333333333333
"370",422,"S","17",51,79,55,16,36,41,60,89,66,38,100,66,65,"Pre_Experiment",46.3333333333333
"371",423,"S","15",56,22,44,43,46,54,44,52,35,35,100,44,54,"Pre_Experiment",44.1666666666667
"372",424,"R","30",100,89,25,46,47,70,82,71,32,68,100,28,77,"Pre_Experiment",62.8333333333333
"373",425,"R","29",100,65,20,17,50,25,100,83,22,42,100,27,33,"Pre_Experiment",46.1666666666667
"374",426,"R","22",78,0,0,0,75,37,19,15,9,31,100,38,35,"Pre_Experiment",31.6666666666667
"375",427,"R","23",50,23,0,0,0,0,49,71,52,0,100,51,0,"Pre_Experiment",12.1666666666667
"376",428,"R","27",35,28,25,31,54,35,62,55,24,40,100,26,31,"Pre_Experiment",34.6666666666667
"377",429,"R","25",29,0,12,17,16,19,24,16,0,0,100,16,22,"Pre_Experiment",15.5
"378",431,"R","24",79,66,73,29,48,30,49,29,73,6,100,30,30,"Pre_Experiment",54.1666666666667
"379",432,"R","21",99,73,45,7,9,11,85,54,13,5,100,5,8,"Pre_Experiment",40.6666666666667
"380",433,"R","7",35,49,56,37,51,45,44,43,55,39,100,51,37,"Pre_Experiment",45.5
"381",434,"R","2",65,58,51,25,46,59,31,50,61,23,100,37,34,"Pre_Experiment",50.6666666666667
"382",435,"R","1",39,42,16,8,50,7,52,51,53,9,100,52,23,"Pre_Experiment",27
"383",436,"R","14087385",49,51,27,4,1,3,58,78,29,2,100,10,3,"Pre_Experiment",22.5
"384",437,"R","4",21,0,20,12,17,29,37,51,50,31,100,21,51,"Pre_Experiment",16.5
"385",438,"R","3",57,81,51,52,54,49,44,76,68,49,100,49,44,"Pre_Experiment",57.3333333333333
"386",439,"R","R4",92,36,18,4,12,51,82,24,66,14,100,27,27,"Pre_Experiment",35.5
"387",440,"R","R1",45,10,8,4,2,25,72,55,7,16,100,9,30,"Pre_Experiment",15.6666666666667
"388",442,"R","R7",48,75,68,56,52,59,73,78,65,64,100,66,63,"Pre_Experiment",59.6666666666667
"389",443,"R","R8",69,79,64,41,47,51,67,79,56,28,100,41,59,"Pre_Experiment",58.5
"390",444,"R","R5",63,17,59,38,23,20,64,66,71,47,76,100,64,"Pre_Experiment",36.6666666666667
"391",445,"R","R9",48,66,52,21,46,51,60,74,18,41,100,34,70,"Pre_Experiment",47.3333333333333
"392",446,"R","R2",51,72,46,9,20,11,59,66,52,56,100,61,54,"Pre_Experiment",34.8333333333333
"393",447,"R","R6",100,43,74,11,48,33,100,84,74,57,100,56,51,"Pre_Experiment",51.5
"394",448,"S","S5",48,53,82,49,67,52,55,63,65,34,100,61,53,"Pre_Experiment",58.5
"395",449,"S","S1",72,60,72,13,52,52,75,83,49,19,100,17,50,"Pre_Experiment",53.5
"396",450,"S","S3",50,26,48,13,43,20,47,68,56,49,100,61,51,"Pre_Experiment",33.3333333333333
"397",451,"S","S8",69,70,57,16,52,52,67,86,49,51,100,57,74,"Pre_Experiment",52.6666666666667
"398",452,"S","S9",78,91,52,17,51,52,88,86,60,53,100,54,67,"Pre_Experiment",56.8333333333333
"399",453,"S","S7",53,51,51,1,31,8,69,79,54,66,100,54,51,"Pre_Experiment",32.5
"400",454,"R","4",15,77,22,6,0,3,23,55,0,14,100,0,18,"Pre_Experiment",20.5
"401",455,"R","3",53,50,74,50,79,29,50,64,63,65,100,58,49,"Pre_Experiment",55.8333333333333
"402",456,"R","5",47,62,63,23,48,27,75,60,66,57,100,41,38,"Pre_Experiment",45
"403",457,"R","2",75,75,74,53,55,31,93,86,95,70,100,85,51,"Pre_Experiment",60.5
"404",458,"R","1",50,48,41,16,27,25,70,77,51,22,100,38,65,"Pre_Experiment",34.5
"405",459,"S","3",6,47,37,5,52,25,24,66,52,35,100,24,40,"Pre_Experiment",28.6666666666667
"406",460,"S","7",100,12,100,100,100,59,100,100,68,49,100,36,67,"Pre_Experiment",78.5
"407",461,"S","6",68,82,64,73,51,52,58,85,78,54,100,54,50,"Pre_Experiment",65
"408",462,"S","5",60,59,49,12,36,53,44,43,58,34,100,34,75,"Pre_Experiment",44.8333333333333
"409",463,"S","2",46,47,50,2,50,18,48,71,43,6,100,45,28,"Pre_Experiment",35.5
"410",464,"S","1",79,75,49,17,37,29,72,87,51,64,100,52,64,"Pre_Experiment",47.6666666666667
"411",465,"R","4",60,82,51,8,6,51,79,55,51,18,100,49,31,"Pre_Experiment",43
"412",466,"R","3",67,100,7,20,16,63,67,77,50,24,100,12,48,"Pre_Experiment",45.5
"413",467,"R","5",50,19,49,19,13,16,16,7,29,13,100,19,23,"Pre_Experiment",27.6666666666667
"414",468,"R","1",12,100,100,0,48,0,12,100,100,0,100,9,7,"Pre_Experiment",43.3333333333333
"415",469,"R","2",100,49,54,53,56,19,50,54,48,16,100,50,2,"Pre_Experiment",55.1666666666667
"416",470,"C","C10",49,55,25,15,31,32,50,53,35,49,100,46,59,"Pre_Experiment",34.5
"417",471,"C","C5",15,50,20,50,25,53,30,47,14,6,100,48,43,"Pre_Experiment",35.5
"418",472,"C","C2",61,100,19,12,28,52,54,89,31,41,100,49,53,"Pre_Experiment",45.3333333333333
"419",473,"C","C3",79,60,61,12,36,32,66,49,39,44,100,38,47,"Pre_Experiment",46.6666666666667
"420",474,"C","C9",48,84,9,10,16,23,73,88,17,52,100,6,6,"Pre_Experiment",31.6666666666667
"421",475,"C","C4",20,16,67,15,61,51,58,62,59,50,100,64,60,"Pre_Experiment",38.3333333333333
"422",476,"C","C1",77,53,81,17,27,38,73,72,59,32,100,47,61,"Pre_Experiment",48.8333333333333
"423",477,"C","C7",68,43,22,2,19,8,74,76,27,59,100,55,50,"Pre_Experiment",27
"424",478,"C","C6",93,77,11,68,14,50,81,84,16,54,100,9,100,"Pre_Experiment",52.1666666666667
"425",479,"C","5",63,100,49,29,53,50,56,53,49,2,100,54,57,"Pre_Experiment",57.3333333333333
"426",480,"C","2",52,54,49,0,50,30,55,51,54,25,100,50,33,"Pre_Experiment",39.1666666666667
"427",481,"C","1",54,53,48,10,39,29,63,57,50,29,100,48,43,"Pre_Experiment",38.8333333333333
"428",482,"C","3",54,44,79,5,7,7,66,55,14,8,100,8,12,"Pre_Experiment",32.6666666666667
"429",483,"C","7",100,50,0,48,40,52,100,100,48,52,100,7,54,"Pre_Experiment",48.3333333333333
"430",484,"S","7",52,66,48,0,49,39,51,73,61,50,100,48,62,"Pre_Experiment",42.3333333333333
"431",485,"S","3",52,52,77,51,48,31,83,83,53,55,100,69,35,"Pre_Experiment",51.8333333333333
"432",486,"S","1",51,52,38,0,18,30,54,54,42,49,100,48,56,"Pre_Experiment",31.5
"433",487,"S","8",53,51,64,53,56,51,68,62,84,71,100,73,50,"Pre_Experiment",54.6666666666667
"434",488,"S","5",100,100,100,21,17,51,100,100,73,48,100,80,51,"Pre_Experiment",64.8333333333333
"435",489,"S","9",46,80,64,31,39,9,78,100,84,92,100,85,47,"Pre_Experiment",44.8333333333333
"436",490,"C","7",73,79,80,63,59,46,76,100,73,49,100,67,66,"Pre_Experiment",66.6666666666667
"437",491,"C","4",51,90,89,56,78,50,70,68,77,36,100,69,48,"Pre_Experiment",69
"438",492,"C","1",75,53,52,0,53,19,52,72,52,51,100,52,41,"Pre_Experiment",42
"439",493,"C","6",87,100,56,64,53,66,77,100,70,100,100,58,81,"Pre_Experiment",71
"440",494,"C","2",49,43,50,56,55,63,70,52,72,65,100,54,64,"Pre_Experiment",52.6666666666667
"441",496,"C","05",43,34,41,51,49,10,68,68,57,48,100,51,38,"Pre_Experiment",38
"442",497,"C","10",52,50,27,45,25,3,32,3,6,4,100,6,6,"Pre_Experiment",33.6666666666667
"443",500,"C","07",56,56,85,50,50,45,83,90,89,54,100,44,65,"Pre_Experiment",57
"444",501,"C","03",70,98,48,56,56,56,100,100,100,49,100,49,48,"Pre_Experiment",64
"445",502,"C","09",80,80,64,64,52,71,84,83,75,59,99,73,80,"Pre_Experiment",68.5
"446",503,"C","01",29,35,85,58,56,46,47,54,41,47,98,56,30,"Pre_Experiment",51.5
"447",504,"S","5",45,22,12,2,45,4,34,66,47,11,100,29,24,"Pre_Experiment",21.6666666666667
"448",505,"S","8",38,21,46,31,19,11,16,13,15,16,100,14,16,"Pre_Experiment",27.6666666666667
"449",506,"S","4",33,22,28,3,5,0,87,89,4,9,100,4,4,"Pre_Experiment",15.1666666666667
"450",507,"S","1",13,89,61,17,54,51,48,66,69,39,100,69,49,"Pre_Experiment",47.5
"451",508,"S","2",51,56,44,5,6,23,82,86,51,29,100,20,89,"Pre_Experiment",30.8333333333333
"452",509,"S","7",48,37,13,5,6,6,52,19,20,18,100,18,19,"Pre_Experiment",19.1666666666667
"453",510,"S","6",61,14,52,1,50,10,29,47,14,2,100,12,16,"Pre_Experiment",31.3333333333333
"454",511,"S","3",14,100,49,8,31,6,44,72,55,9,100,14,43,"Pre_Experiment",34.6666666666667
"455",512,"R","9",74,57,50,25,31,33,100,100,14,27,100,25,24,"Pre_Experiment",45
"456",513,"R","4",8,32,14,5,12,22,8,26,14,5,100,28,24,"Pre_Experiment",15.5
"457",514,"R","3",0,40,38,0,8,27,21,55,13,6,100,12,43,"Pre_Experiment",18.8333333333333
"458",515,"R","8",52,74,52,5,51,49,52,73,54,26,96,54,51,"Pre_Experiment",47.1666666666667
"459",516,"R","5",29,36,18,3,28,49,34,47,0,9,100,6,63,"Pre_Experiment",27.1666666666667
"460",517,"R","2",13,10,7,0,0,13,11,10,7,4,100,4,9,"Pre_Experiment",7.16666666666667
"461",518,"R","7",56,28,35,14,15,39,28,36,29,23,100,26,33,"Pre_Experiment",31.1666666666667
"462",519,"R","6",11,50,26,11,50,50,40,49,46,33,100,54,50,"Pre_Experiment",33
"463",520,"R","1",64,9,35,0,0,33,64,61,52,11,100,14,48,"Pre_Experiment",23.5
"464",521,"R","7",51,100,70,51,51,28,50,73,51,51,100,52,15,"Pre_Experiment",58.5
"465",522,"R","6",100,86,58,30,26,13,75,95,100,48,100,40,0,"Pre_Experiment",52.1666666666667
"466",523,"R","8",49,50,0,53,54,52,58,90,97,66,100,53,53,"Pre_Experiment",43
"467",524,"R","10",51,50,50,51,51,31,55,80,71,13,100,52,31,"Pre_Experiment",47.3333333333333
"468",525,"R","9",90,73,68,43,48,50,82,61,52,52,100,50,51,"Pre_Experiment",62
"469",526,"R","3",0,100,89,29,41,36,100,100,99,70,100,81,42,"Pre_Experiment",49.1666666666667
"470",527,"C","3",92,98,49,0,66,75,75,19,81,29,100,77,37,"Pre_Experiment",63.3333333333333
"471",528,"C","2",64,79,22,5,12,40,35,16,79,12,100,53,39,"Pre_Experiment",37
"472",529,"C","5",53,24,52,20,9,13,60,32,81,11,100,22,11,"Pre_Experiment",28.5
"473",530,"C","4",48,15,12,21,23,20,33,38,32,21,100,22,20,"Pre_Experiment",23.1666666666667
"474",531,"C","6",69,37,48,12,38,50,65,43,27,17,100,29,29,"Pre_Experiment",42.3333333333333
"475",532,"C","1",100,4,21,1,28,21,100,13,2,3,100,0,8,"Pre_Experiment",29.1666666666667
"476",533,"C","4",47,18,78,0,14,11,53,8,59,7,100,51,35,"Pre_Experiment",28
"477",534,"C","2",97,9,93,1,1,2,96,31,66,38,98,72,50,"Pre_Experiment",33.8333333333333
"478",535,"C","8",100,0,2,0,1,0,5,6,2,2,100,4,7,"Pre_Experiment",17.1666666666667
"479",536,"C","10",11,73,11,42,34,53,7,22,7,5,99,3,4,"Pre_Experiment",37.3333333333333
"480",537,"C","5",77,38,49,1,3,19,43,74,27,23,100,28,51,"Pre_Experiment",31.1666666666667
"481",538,"C","9",0,49,65,49,51,65,70,68,66,56,100,65,71,"Pre_Experiment",46.5
"482",539,"C","6",34,32,44,6,46,42,48,34,45,5,100,37,43,"Pre_Experiment",34
"483",540,"C","1",14,10,8,7,7,10,5,5,7,10,100,5,9,"Pre_Experiment",9.33333333333333
"484",541,"C","7",30,23,93,10,98,74,73,58,93,39,100,72,68,"Pre_Experiment",54.6666666666667
"485",542,"C","3",72,100,100,11,48,85,100,100,100,100,100,91,100,"Pre_Experiment",69.3333333333333
"486",543,"S","12",10,15,48,5,4,29,20,22,39,88,91,14,52,"Pre_Experiment",18.5
"487",544,"S","20",50,32,52,0,50,16,49,52,49,48,100,49,43,"Pre_Experiment",33.3333333333333
"488",545,"S","15",55,52,26,13,38,44,37,34,52,43,100,57,64,"Pre_Experiment",38
"489",546,"S","17",100,50,53,17,40,55,87,83,51,90,100,55,88,"Pre_Experiment",52.5
"490",547,"S","19",17,6,54,5,5,7,77,80,80,51,100,13,77,"Pre_Experiment",15.6666666666667
"491",549,"S","11",30,59,29,9,28,14,48,48,47,36,100,22,9,"Pre_Experiment",28.1666666666667
"492",550,"S","13",30,48,16,8,14,37,9,32,10,3,100,8,36,"Pre_Experiment",25.5
"493",551,"S","14",82,100,66,52,66,63,84,100,62,51,100,55,73,"Pre_Experiment",71.5
"494",552,"S","18",57,13,54,50,50,52,77,82,77,81,100,61,74,"Pre_Experiment",46
"495",553,"R","21",32,27,31,20,48,50,42,51,39,47,100,46,49,"Pre_Experiment",34.6666666666667
"496",554,"R","24",54,38,53,29,20,27,58,56,15,35,100,32,30,"Pre_Experiment",36.8333333333333
"497",555,"R","22",66,59,60,47,25,68,82,96,69,50,100,54,75,"Pre_Experiment",54.1666666666667
"498",556,"R","28",52,23,22,10,8,7,88,91,9,11,92,6,10,"Pre_Experiment",20.3333333333333
"499",557,"R","27",51,22,38,7,47,14,47,59,31,38,100,39,36,"Pre_Experiment",29.8333333333333
"500",558,"R","25",18,15,12,18,13,15,18,17,20,16,100,15,16,"Pre_Experiment",15.1666666666667
"501",559,"R","23",24,10,13,0,0,13,35,48,20,11,100,42,48,"Pre_Experiment",10
"502",560,"R","30",100,81,44,48,68,55,49,49,72,39,100,52,51,"Pre_Experiment",66
"503",561,"R","29",17,3,25,6,5,48,18,25,26,10,100,23,42,"Pre_Experiment",17.3333333333333
"504",563,"R","5",44,39,75,10,12,49,44,75,67,12,100,100,100,"Pre_Experiment",38.1666666666667
"505",564,"R","3",58,61,2,14,7,58,42,80,40,23,85,33,66,"Pre_Experiment",33.3333333333333
"506",565,"R","2",50,39,68,18,50,27,59,42,59,33,100,53,34,"Pre_Experiment",42
"507",566,"R","9",71,46,46,46,12,33,48,56,28,49,100,49,32,"Pre_Experiment",42.3333333333333
"508",567,"R","4",49,47,99,100,45,48,52,50,49,49,100,51,51,"Pre_Experiment",64.6666666666667
"509",568,"R","7",75,93,39,40,28,48,47,61,19,49,100,42,49,"Pre_Experiment",53.8333333333333
"510",569,"C","6",26,27,13,0,13,21,12,16,37,0,100,17,11,"Pre_Experiment",16.6666666666667
"511",570,"C","7",100,10,100,5,100,24,100,100,100,100,100,100,50,"Pre_Experiment",56.5
"512",571,"C","5",52,64,52,59,67,38,64,65,60,63,100,64,29,"Pre_Experiment",55.3333333333333
"513",572,"C","4",77,71,52,9,61,40,54,40,7,18,100,75,63,"Pre_Experiment",51.6666666666667
"514",573,"C","10",51,32,30,3,18,35,25,25,34,4,100,21,35,"Pre_Experiment",28.1666666666667
"515",574,"C","9",23,11,16,5,12,10,23,61,14,3,100,4,5,"Pre_Experiment",12.8333333333333
"516",575,"C","1",50,24,78,15,41,27,71,50,74,26,100,49,35,"Pre_Experiment",39.1666666666667
"517",576,"C","2",49,0,50,0,51,0,66,0,51,0,100,49,0,"Pre_Experiment",25
"518",577,"S","8",62,70,60,39,65,37,65,33,29,60,100,66,31,"Pre_Experiment",55.5
"519",578,"S","10",60,59,8,6,55,23,45,41,24,13,100,24,45,"Pre_Experiment",35.1666666666667
"520",579,"S","6",59,38,32,16,31,46,45,39,31,38,100,41,46,"Pre_Experiment",37
"521",580,"S","9",77,68,50,39,80,67,74,49,39,53,100,78,49,"Pre_Experiment",63.5
"522",581,"S","1",0,8,0,41,50,18,20,21,18,18,100,22,26,"Pre_Experiment",19.5
"523",582,"S","4",52,54,41,39,62,42,44,41,38,39,100,60,40,"Pre_Experiment",48.3333333333333
"524",583,"S","2",15,51,48,48,21,18,64,51,55,51,100,50,43,"Pre_Experiment",33.5
"525",584,"S","3",38,57,58,77,45,32,57,94,73,66,100,74,65,"Pre_Experiment",51.1666666666667
"526",585,"S","5",68,66,51,50,52,61,66,54,52,57,100,52,49,"Pre_Experiment",58
"527",586,"C","C5",100,100,100,52,72,49,83,77,57,73,100,67,60,"Pre_Experiment",78.8333333333333
"528",588,"C","C7",85,100,100,16,11,50,73,45,93,11,100,47,49,"Pre_Experiment",60.3333333333333
"529",590,"C","C8",51,100,95,26,49,41,50,100,91,33,100,71,64,"Pre_Experiment",60.3333333333333
"530",591,"C","C1",82,72,29,14,15,52,16,16,7,8,100,9,35,"Pre_Experiment",44
"531",592,"C","C2",100,77,33,10,0,49,100,26,25,44,100,24,50,"Pre_Experiment",44.8333333333333
"532",594,"C","C9",73,53,73,51,73,49,100,100,77,73,100,75,50,"Pre_Experiment",62
"533",595,"R","R9",51,38,51,16,11,32,29,25,21,27,100,12,26,"Pre_Experiment",33.1666666666667
"534",596,"R","R1",71,75,66,16,6,14,81,71,74,70,100,71,58,"Pre_Experiment",41.3333333333333
"535",597,"R","R6",100,60,100,32,53,35,100,84,60,77,100,51,58,"Pre_Experiment",63.3333333333333
"536",598,"R","R2",44,34,72,3,14,25,62,72,56,62,100,50,50,"Pre_Experiment",32
"537",599,"R","R10",59,49,57,3,2,6,10,8,33,12,100,8,16,"Pre_Experiment",29.3333333333333
"538",600,"R","R4",16,43,76,45,72,29,61,97,94,55,100,27,46,"Pre_Experiment",46.8333333333333
"539",601,"S","S6",17,19,37,13,31,11,43,55,49,41,100,49,38,"Pre_Experiment",21.3333333333333
"540",602,"S","S8",59,73,31,2,6,13,73,88,53,51,100,29,33,"Pre_Experiment",30.6666666666667
"541",603,"S","S9",89,90,73,65,49,10,88,67,57,51,100,49,14,"Pre_Experiment",62.6666666666667
"542",604,"S","S5",100,50,54,49,50,54,77,89,56,60,100,50,51,"Pre_Experiment",59.5
"543",605,"S","S2",98,95,77,0,91,85,48,59,49,42,100,44,51,"Pre_Experiment",74.3333333333333
"544",606,"S","S7",24,42,37,13,43,2,48,38,66,27,100,29,33,"Pre_Experiment",26.8333333333333
"545",607,"S","S10",63,82,82,38,28,27,45,79,35,59,100,63,38,"Pre_Experiment",53.3333333333333
"546",608,"S","S3",49,38,48,31,6,50,50,72,15,51,100,26,50,"Pre_Experiment",37
"547",609,"S","S1",69,14,96,26,57,49,66,84,84,78,100,76,63,"Pre_Experiment",51.8333333333333
"548",610,"R","R3",48,49,65,13,31,32,37,32,43,26,100,15,53,"Pre_Experiment",39.6666666666667
"549",611,"R","R8",53,74,18,17,13,49,61,50,17,34,100,17,52,"Pre_Experiment",37.3333333333333
"550",612,"R","R7",61,57,56,70,69,51,67,48,61,63,100,62,52,"Pre_Experiment",60.6666666666667
"551",613,"R","R1",51,63,62,43,68,51,71,77,67,42,100,36,50,"Pre_Experiment",56.3333333333333
"552",614,"R","R5",87,87,47,15,77,41,68,29,20,28,100,52,28,"Pre_Experiment",59
"553",615,"R","R9",48,50,70,22,50,49,50,69,52,67,100,54,52,"Pre_Experiment",48.1666666666667
"554",616,"R","R6",49,50,33,0,0,0,50,62,0,0,100,0,0,"Pre_Experiment",22
"555",617,"R","R4",100,100,47,0,49,49,93,100,96,76,100,91,77,"Pre_Experiment",57.5
"556",618,"R","R2",32,53,73,54,77,53,63,51,72,49,100,54,54,"Pre_Experiment",57
"557",619,"C","C1",85,84,72,15,73,42,68,100,37,71,100,65,32,"Pre_Experiment",61.8333333333333
"558",620,"C","C7",40,76,43,54,21,14,98,39,58,41,100,46,29,"Pre_Experiment",41.3333333333333
"559",622,"C","C8",61,28,74,32,74,31,42,39,42,21,100,66,32,"Pre_Experiment",50
"560",623,"C","c9",28,54,63,29,38,18,61,74,38,32,100,35,44,"Pre_Experiment",38.3333333333333
"561",625,"C","C2",37,21,50,15,7,28,44,18,16,27,100,34,35,"Pre_Experiment",26.3333333333333
"562",626,"C","C5",51,76,9,49,29,35,63,75,20,70,100,31,46,"Pre_Experiment",41.5
"563",627,"C","C3",90,64,66,40,51,34,71,72,33,65,100,43,61,"Pre_Experiment",57.5
"564",628,"S","S4",74,39,66,27,27,35,69,57,61,42,100,39,58,"Pre_Experiment",44.6666666666667
"565",629,"S","7",50,50,32,0,10,5,33,29,18,5,100,15,24,"Pre_Experiment",24.5
"566",630,"S","S5",24,70,15,14,22,54,62,81,100,59,100,41,54,"Pre_Experiment",33.1666666666667
"567",631,"S","S6",4,7,2,7,52,9,7,16,86,14,100,17,8,"Pre_Experiment",13.5
"568",632,"S","S9",100,77,59,52,72,52,64,90,58,95,100,71,71,"Pre_Experiment",68.6666666666667
"569",633,"S","2",0,0,30,0,2,0,0,11,75,0,100,0,16,"Pre_Experiment",5.33333333333333
"570",634,"S","S1",44,14,35,26,15,17,84,77,73,79,100,72,81,"Pre_Experiment",25.1666666666667
"571",635,"S","S3",50,72,65,10,31,49,49,58,65,29,100,42,51,"Pre_Experiment",46.1666666666667
"572",636,"S","S10",0,0,62,0,0,10,0,50,0,18,100,0,23,"Pre_Experiment",12
"573",637,"S","8",73,95,8,49,21,10,80,76,50,85,100,73,44,"Pre_Experiment",42.6666666666667
"574",638,"S","7",94,100,7,5,5,37,100,100,33,24,89,40,31,"Pre_Experiment",41.3333333333333
"575",639,"S","2",13,5,10,9,2,4,28,32,33,24,100,5,24,"Pre_Experiment",7.16666666666667
"576",640,"S","0",100,100,19,99,11,100,100,100,100,17,100,17,100,"Pre_Experiment",71.5
"577",641,"S","4",69,55,40,41,48,43,68,95,68,74,100,64,54,"Pre_Experiment",49.3333333333333
"578",642,"S","5",0,3,3,5,0,6,21,3,0,2,100,0,0,"Pre_Experiment",2.83333333333333
"579",643,"S","1",70,81,4,27,3,55,55,77,24,37,100,40,62,"Pre_Experiment",40
"580",644,"S","3",17,84,37,13,5,20,85,98,38,62,100,63,100,"Pre_Experiment",29.3333333333333
"581",645,"S","8",74,16,1,9,2,7,71,64,2,10,100,4,5,"Pre_Experiment",18.1666666666667
"582",646,"R","15",53,74,8,55,5,50,11,80,43,64,100,50,50,"Pre_Experiment",40.8333333333333
"583",647,"R","14",100,87,20,56,46,72,100,85,74,100,100,100,87,"Pre_Experiment",63.5
"584",648,"R","10",34,60,28,33,50,28,50,74,69,62,100,32,50,"Pre_Experiment",38.8333333333333
"585",649,"R","16",52,38,50,0,47,55,69,50,38,47,100,33,51,"Pre_Experiment",40.3333333333333
"586",650,"R","11",47,65,36,1,2,49,51,61,35,34,100,33,50,"Pre_Experiment",33.3333333333333
"587",651,"R","13",10,12,5,4,5,4,19,4,3,4,100,2,11,"Pre_Experiment",6.66666666666667
"588",652,"R","9",100,100,47,45,53,50,100,100,64,81,100,79,61,"Pre_Experiment",65.8333333333333
"589",653,"C","24",49,50,0,43,42,8,44,42,8,23,100,43,28,"Pre_Experiment",32
"590",654,"C","23",49,16,32,23,11,18,33,57,29,53,100,36,47,"Pre_Experiment",24.8333333333333
"591",655,"C","25",15,19,9,15,12,24,49,45,22,29,100,28,27,"Pre_Experiment",15.6666666666667
"592",656,"C","22",79,89,60,56,47,59,85,84,52,63,100,61,71,"Pre_Experiment",65
"593",657,"C","20",48,51,55,56,57,4,91,96,45,95,92,52,53,"Pre_Experiment",45.1666666666667
"594",659,"C","19",96,99,0,54,50,52,100,98,10,48,100,46,51,"Pre_Experiment",58.5
"595",660,"C","17",96,63,7,52,12,52,69,88,28,20,100,40,52,"Pre_Experiment",47
"596",661,"R","01",49,55,50,1,50,4,72,100,42,17,100,49,27,"Pre_Experiment",34.8333333333333
"597",662,"R","09",51,35,51,23,48,33,59,67,48,46,100,49,29,"Pre_Experiment",40.1666666666667
"598",663,"R","02",52,54,51,23,25,19,50,66,33,30,100,21,27,"Pre_Experiment",37.3333333333333
"599",664,"R","05",47,50,40,0,8,0,49,75,47,49,100,48,8,"Pre_Experiment",24.1666666666667
"600",665,"R","08",50,51,76,18,48,28,56,56,29,26,100,23,36,"Pre_Experiment",45.1666666666667
"601",666,"R","04",73,75,78,50,64,64,75,89,76,71,100,64,73,"Pre_Experiment",67.3333333333333
"602",668,"S","07",55,53,53,47,34,28,16,79,36,16,100,29,29,"Pre_Experiment",45
"603",669,"S","05",47,46,68,13,49,5,12,91,41,14,100,48,54,"Pre_Experiment",38
"604",670,"S","08",45,47,100,0,45,0,50,65,48,21,100,47,9,"Pre_Experiment",39.5
"605",671,"S","04",84,91,87,50,50,53,78,85,58,52,98,52,55,"Pre_Experiment",69.1666666666667
"606",672,"S","02",59,67,58,16,41,49,49,67,56,49,100,61,52,"Pre_Experiment",48.3333333333333
"607",673,"S","09",90,100,90,27,29,26,85,86,47,32,100,31,33,"Pre_Experiment",60.3333333333333
"608",674,"S","06",47,48,77,48,50,49,29,32,64,47,100,52,52,"Pre_Experiment",53.1666666666667
"609",675,"S","01",77,42,38,33,28,17,74,71,57,49,100,50,46,"Pre_Experiment",39.1666666666667
"610",676,"S","03",92,33,85,28,26,51,77,74,55,48,100,74,75,"Pre_Experiment",52.5
"611",677,"C","06",6,5,4,14,1,15,41,26,25,12,100,11,13,"Pre_Experiment",7.5
"612",678,"C","03",50,85,21,49,49,28,75,78,82,75,100,80,33,"Pre_Experiment",47
"613",679,"C","02",0,47,21,0,16,10,19,36,26,21,100,45,22,"Pre_Experiment",15.6666666666667
"614",680,"C","05",10,6,13,4,2,25,30,34,7,9,100,17,34,"Pre_Experiment",10
"615",681,"C","10",52,68,73,6,27,34,32,56,58,21,100,47,22,"Pre_Experiment",43.3333333333333
"616",682,"C","01",10,29,14,12,22,3,48,44,28,29,100,40,28,"Pre_Experiment",15
"617",683,"C","08",51,54,51,22,54,26,64,49,51,38,81,41,33,"Pre_Experiment",43
"618",684,"C","09",61,52,47,16,50,52,74,64,59,50,100,58,49,"Pre_Experiment",46.3333333333333
"619",685,"S","6",100,100,55,50,51,73,100,90,73,93,100,91,80,"Pre_Experiment",71.5
"620",687,"S","3",4,9,15,0,0,0,13,19,0,0,100,0,5,"Pre_Experiment",4.66666666666667
"621",688,"S","4",89,82,19,21,24,67,87,90,31,51,100,38,59,"Pre_Experiment",50.3333333333333
"622",689,"S","2",66,52,71,25,64,29,49,26,46,31,100,41,27,"Pre_Experiment",51.1666666666667
"623",690,"R","6",60,89,71,17,53,53,69,77,70,69,100,70,63,"Pre_Experiment",57.1666666666667
"624",691,"R","MR23",100,47,2,52,2,4,49,100,44,47,100,9,53,"Pre_Experiment",34.5
"625",692,"R","4",39,61,73,25,64,13,40,68,58,27,100,47,20,"Pre_Experiment",45.8333333333333
"626",693,"R","1",100,100,53,40,51,57,84,95,53,37,100,25,33,"Pre_Experiment",66.8333333333333
"627",694,"R","MS22",46,92,22,39,55,36,71,100,37,40,100,59,51,"Pre_Experiment",48.3333333333333
"628",695,"C","4",68,61,40,54,29,29,75,69,44,67,100,46,41,"Pre_Experiment",46.8333333333333
"629",697,"C","7",50,61,26,2,3,6,61,48,35,14,100,14,10,"Pre_Experiment",24.6666666666667
"630",698,"C","5",83,81,48,45,57,27,82,84,68,50,100,51,51,"Pre_Experiment",56.8333333333333
"631",699,"C","8",49,29,28,25,39,30,75,75,78,59,100,61,49,"Pre_Experiment",33.3333333333333
"632",700,"C","6",66,30,64,0,8,0,32,33,28,12,100,2,0,"Pre_Experiment",28
"633",701,"C","3",52,84,35,15,15,20,52,70,78,38,100,37,26,"Pre_Experiment",36.8333333333333
"634",702,"C","9",69,34,47,7,24,19,31,11,45,5,100,17,32,"Pre_Experiment",33.3333333333333
"635",703,"C","2",100,100,40,0,11,51,80,77,29,0,100,9,48,"Pre_Experiment",50.3333333333333
"636",704,"C","10",65,47,18,12,20,24,71,40,58,26,100,24,25,"Pre_Experiment",31
"637",705,"S","1",67,58,79,17,26,36,70,59,64,15,97,41,44,"Pre_Experiment",47.1666666666667
"638",706,"S","5",71,82,58,13,30,19,67,72,61,40,100,57,21,"Pre_Experiment",45.5
"639",707,"S","3",87,88,81,59,44,45,62,79,100,51,100,51,51,"Pre_Experiment",67.3333333333333
"640",709,"S","9",87,51,51,20,11,49,60,80,87,93,100,49,32,"Pre_Experiment",44.8333333333333
"641",710,"S","6",73,73,61,12,50,8,74,70,58,31,100,48,29,"Pre_Experiment",46.1666666666667
"642",711,"R","7",32,71,29,0,9,9,21,54,14,15,100,18,5,"Pre_Experiment",25
"643",713,"R","9",77,59,84,3,37,36,79,60,87,3,100,25,41,"Pre_Experiment",49.3333333333333
"644",714,"R","6",90,72,75,44,60,61,85,77,71,54,100,72,74,"Pre_Experiment",67
"645",715,"R","5",68,52,33,13,45,30,77,92,88,66,100,47,36,"Pre_Experiment",40.1666666666667
"646",716,"R","4",77,85,74,6,50,31,60,79,59,65,100,51,50,"Pre_Experiment",53.8333333333333
"647",717,"R","3",100,63,100,21,75,67,100,92,100,45,100,65,59,"Pre_Experiment",71
"648",718,"R","10",76,69,52,33,52,63,64,58,58,56,100,56,49,"Pre_Experiment",57.5
"649",719,"S","3",50,0,64,63,75,50,71,63,80,60,100,73,31,"Pre_Experiment",50.3333333333333
"650",720,"S","2",50,21,51,27,27,29,44,24,22,21,100,18,28,"Pre_Experiment",34.1666666666667
"651",721,"S","8",100,48,10,11,1,51,100,65,7,20,100,12,72,"Pre_Experiment",36.8333333333333
"652",722,"S","1",59,54,100,57,57,5,55,66,84,58,99,60,14,"Pre_Experiment",55.3333333333333
"653",723,"S","5",100,64,100,68,70,71,100,80,100,79,100,70,81,"Pre_Experiment",78.8333333333333
"654",724,"S","10",80,91,39,0,47,51,95,85,72,61,100,51,73,"Pre_Experiment",51.3333333333333
"655",725,"R","16",55,50,98,9,46,49,54,50,52,17,100,51,47,"Pre_Experiment",51.1666666666667
"656",726,"R","14",71,61,47,23,44,10,46,45,28,8,100,38,19,"Pre_Experiment",42.6666666666667
"657",727,"R","6",63,51,79,29,50,50,86,77,81,18,100,49,51,"Pre_Experiment",53.6666666666667
"658",728,"R","11",40,36,29,22,17,34,100,81,53,49,100,50,62,"Pre_Experiment",29.6666666666667
"659",729,"R","13",18,50,50,53,76,70,18,51,66,49,100,58,70,"Pre_Experiment",52.8333333333333
"660",730,"R","12",75,74,74,50,51,49,71,71,75,69,100,48,50,"Pre_Experiment",62.1666666666667
"661",731,"R","15",94,76,66,49,50,34,89,70,89,51,100,63,65,"Pre_Experiment",61.5
"662",732,"C","1",50,77,52,3,5,4,61,82,52,14,100,23,16,"Pre_Experiment",31.8333333333333
"663",733,"C","3",58,83,50,88,82,82,88,92,96,77,100,100,85,"Pre_Experiment",73.8333333333333
"664",734,"C","5",47,50,52,0,51,0,50,100,49,13,100,50,19,"Pre_Experiment",33.3333333333333
"665",735,"C","2",100,100,37,35,51,8,100,100,100,62,100,62,0,"Pre_Experiment",55.1666666666667
"666",736,"C","4",45,70,38,28,30,24,15,50,25,20,100,34,40,"Pre_Experiment",39.1666666666667
"667",737,"C","5",49,57,52,47,47,9,51,52,51,13,96,50,18,"Pre_Experiment",43.5
"668",739,"C","9",51,63,20,24,25,41,74,83,58,53,100,71,63,"Pre_Experiment",37.3333333333333
"669",740,"C","2",43,88,92,92,51,50,50,45,45,46,93,90,52,"Pre_Experiment",69.3333333333333
"670",741,"C","10",51,51,50,0,50,0,54,48,50,0,100,0,46,"Pre_Experiment",33.6666666666667
"671",742,"C","7",49,96,74,100,56,100,100,100,100,100,100,100,100,"Pre_Experiment",79.1666666666667
"672",743,"C","C3",66,73,52,77,51,96,93,76,81,58,96,77,97,"Pre_Experiment",69.1666666666667
"673",744,"C","6",47,55,2,100,100,49,53,100,100,100,100,0,48,"Pre_Experiment",58.8333333333333
"674",746,"R","R2",83,69,100,82,79,54,67,100,94,91,100,100,75,"Pre_Experiment",77.8333333333333
"675",747,"R","06",15,36,50,14,3,10,51,100,100,50,100,50,51,"Pre_Experiment",21.3333333333333
"676",748,"R","R8",54,100,0,87,90,86,49,77,54,58,100,100,82,"Pre_Experiment",69.5
"677",749,"R","R1",58,49,100,95,0,51,46,100,100,44,100,49,52,"Pre_Experiment",58.8333333333333
"678",756,"S","8",100,100,44,6,47,100,100,100,49,47,100,48,100,"Pre_Experiment",66.1666666666667
"679",757,"S","02",53,86,88,51,72,99,50,96,91,77,100,90,96,"Pre_Experiment",74.8333333333333
"680",764,"S","4",46,0,54,53,51,25,100,97,60,63,93,100,87,"Pre_Experiment",38.1666666666667
"681",765,"R","4",100,46,47,59,48,52,86,86,95,59,100,50,53,"Pre_Experiment",58.6666666666667
"682",766,"R","2",49,69,48,8,48,7,69,86,77,35,84,50,30,"Pre_Experiment",38.1666666666667
"683",767,"R","7",45,23,14,11,10,9,11,66,59,41,84,47,29,"Pre_Experiment",18.6666666666667
"684",768,"R","3",33,54,50,62,21,46,51,53,60,43,98,49,54,"Pre_Experiment",44.3333333333333
"685",769,"R","1",56,48,49,26,48,52,49,31,51,35,100,50,50,"Pre_Experiment",46.5
"686",771,"R","5",49,100,75,49,70,48,93,98,21,83,100,53,20,"Pre_Experiment",65.1666666666667
"687",772,"C","21",66,98,53,14,55,26,73,55,48,18,100,48,18,"Pre_Experiment",52
"688",773,"C","23",100,73,66,82,52,67,95,33,0,0,100,0,37,"Pre_Experiment",73.3333333333333
"689",774,"C","4",17,61,55,28,36,57,48,48,65,32,100,55,38,"Pre_Experiment",42.3333333333333
"690",775,"C","7",46,39,37,45,47,46,59,51,49,51,100,64,62,"Pre_Experiment",43.3333333333333
"691",776,"C","9",74,60,37,2,32,8,97,84,50,6,100,50,25,"Pre_Experiment",35.5
"692",777,"C","22",77,50,68,36,51,51,76,71,55,51,100,66,60,"Pre_Experiment",55.5
"693",778,"C","19",46,28,100,0,18,50,64,50,47,26,100,30,49,"Pre_Experiment",40.3333333333333
"694",779,"C","20",3,50,48,0,62,51,25,51,54,29,100,29,51,"Pre_Experiment",35.6666666666667
"695",780,"C","17",84,100,51,16,16,28,66,66,0,48,100,4,50,"Pre_Experiment",49.1666666666667
"696",781,"C","18",100,96,48,84,82,53,88,53,51,98,100,0,50,"Pre_Experiment",77.1666666666667
"697",782,"C","7",55,90,82,49,52,25,63,78,54,37,100,51,29,"Pre_Experiment",58.8333333333333
"698",783,"C","3",71,74,36,44,33,43,73,71,58,60,100,62,62,"Pre_Experiment",50.1666666666667
"699",784,"C","8",52,100,83,9,54,32,50,93,65,51,100,56,41,"Pre_Experiment",55
"700",785,"C","1",60,93,68,41,27,44,51,58,45,37,100,34,48,"Pre_Experiment",55.5
"701",786,"C","9",53,17,82,49,52,17,45,25,53,30,100,25,21,"Pre_Experiment",45
"702",788,"C","6",85,84,39,14,24,52,88,72,41,53,100,33,56,"Pre_Experiment",49.6666666666667
"703",789,"C","5",38,60,40,24,29,22,67,70,47,57,100,55,39,"Pre_Experiment",35.5
"704",791,"S","6",58,75,35,0,42,52,76,81,84,95,100,81,66,"Pre_Experiment",43.6666666666667
"705",792,"S","5",48,64,65,57,33,44,67,66,31,45,100,48,58,"Pre_Experiment",51.8333333333333
"706",793,"S","7",44,86,19,0,5,13,61,95,61,15,100,22,24,"Pre_Experiment",27.8333333333333
"707",794,"S","4",100,100,51,10,14,8,100,100,91,83,100,93,83,"Pre_Experiment",47.1666666666667
"708",795,"S","8",71,85,78,25,44,0,84,100,81,55,91,51,49,"Pre_Experiment",50.5
"709",796,"S","1",95,56,45,46,45,49,91,91,86,48,100,51,97,"Pre_Experiment",56
"710",797,"S","3",51,48,53,44,48,50,48,57,50,47,100,49,52,"Pre_Experiment",49
"711",798,"S","2",99,48,15,49,42,53,100,80,84,51,100,52,78,"Pre_Experiment",51
"712",800,"C","7",100,48,75,49,55,81,74,64,74,66,100,79,83,"Pre_Experiment",68
"713",801,"C","2",100,91,50,11,42,50,77,64,60,50,100,69,73,"Pre_Experiment",57.3333333333333
"714",802,"C","9",84,62,77,18,49,32,79,81,86,74,100,36,50,"Pre_Experiment",53.6666666666667
"715",803,"C","3",100,100,100,65,50,50,100,100,71,92,100,64,100,"Pre_Experiment",77.5
"716",804,"C","4",49,95,88,6,4,30,76,88,68,14,79,29,53,"Pre_Experiment",45.3333333333333
"717",805,"S","10",0,0,0,0,0,0,0,6,0,0,100,13,0,"Pre_Experiment",0
"718",806,"S","6",17,17,0,1,0,10,18,34,2,10,100,0,22,"Pre_Experiment",7.5
"719",807,"S","1",100,100,71,0,0,33,100,100,87,70,100,75,80,"Pre_Experiment",50.6666666666667
"720",808,"S","3",100,89,50,0,11,50,100,48,49,29,100,52,49,"Pre_Experiment",50
"721",809,"S","2",69,37,16,16,20,29,32,33,25,23,100,25,25,"Pre_Experiment",31.1666666666667
"722",810,"S","5",66,45,76,17,47,52,100,67,100,16,100,24,55,"Pre_Experiment",50.5
"723",811,"S","7",60,82,50,62,60,61,55,86,82,74,100,50,72,"Pre_Experiment",62.5
"724",812,"S","4",86,92,91,51,47,52,88,85,90,51,87,60,52,"Pre_Experiment",69.8333333333333
"725",813,"S","8",100,100,56,19,59,52,100,100,8,51,98,50,48,"Pre_Experiment",64.3333333333333
"726",814,"S","9",100,100,100,50,49,60,100,100,100,81,99,88,83,"Pre_Experiment",76.5
"727",815,"C","4",87,49,37,51,52,43,82,86,55,63,100,59,46,"Pre_Experiment",53.1666666666667
"728",816,"C","7",81,72,99,20,38,24,84,83,55,25,100,39,37,"Pre_Experiment",55.6666666666667
"729",817,"C","6",72,87,53,6,51,27,73,67,63,13,100,57,40,"Pre_Experiment",49.3333333333333
"730",818,"C","8",48,70,49,3,3,23,72,68,27,2,100,16,13,"Pre_Experiment",32.6666666666667
"731",819,"C","10",81,83,63,28,54,53,87,81,53,10,100,53,54,"Pre_Experiment",60.3333333333333
"732",820,"C","9",49,23,48,0,46,0,80,74,57,0,100,50,28,"Pre_Experiment",27.6666666666667
"733",821,"C","3",84,89,79,58,70,68,79,75,64,69,100,63,57,"Pre_Experiment",74.6666666666667
"734",822,"C","1",85,89,73,12,79,23,71,73,47,13,100,36,12,"Pre_Experiment",60.1666666666667
"735",823,"C","2",81,70,82,15,49,13,100,86,85,51,100,82,51,"Pre_Experiment",51.6666666666667
"736",824,"S","18",76,100,100,24,51,16,76,100,70,62,100,62,75,"Pre_Experiment",61.1666666666667
"737",825,"S","19",87,82,75,50,48,23,100,100,67,54,100,67,44,"Pre_Experiment",60.8333333333333
"738",826,"S","12",78,90,92,52,56,53,82,80,83,54,100,61,68,"Pre_Experiment",70.1666666666667
"739",827,"S","14",93,99,23,0,71,32,98,100,18,0,100,61,34,"Pre_Experiment",53
"740",828,"S","17",36,93,77,3,51,12,72,90,90,7,100,11,38,"Pre_Experiment",45.3333333333333
"741",829,"S","15",27,100,50,0,50,33,75,100,74,58,100,76,71,"Pre_Experiment",43.3333333333333
"742",830,"S","20",61,13,59,0,19,18,69,35,48,12,100,58,30,"Pre_Experiment",28.3333333333333
"743",831,"S","16",87,90,68,50,48,31,63,84,81,43,100,51,52,"Pre_Experiment",62.3333333333333
"744",832,"S","13",66,82,18,0,18,33,100,100,80,49,100,45,64,"Pre_Experiment",36.1666666666667
"745",833,"R","29",48,100,12,0,50,24,25,100,17,24,100,48,41,"Pre_Experiment",39
"746",834,"R","24",94,100,24,70,44,40,90,100,97,89,93,29,67,"Pre_Experiment",62
"747",835,"R","23",91,67,73,16,48,22,77,67,68,27,100,66,74,"Pre_Experiment",52.8333333333333
"748",836,"R","21",59,76,34,17,15,27,68,80,28,31,100,26,29,"Pre_Experiment",38
"749",838,"R","27",80,73,89,50,84,23,75,67,68,13,100,63,17,"Pre_Experiment",66.5
"750",839,"R","26",100,100,46,9,82,13,100,100,40,8,100,69,49,"Pre_Experiment",58.3333333333333
"751",841,"R","28",99,100,74,35,51,38,84,78,81,81,100,77,76,"Pre_Experiment",66.1666666666667
"752",842,"R","22",96,95,88,3,27,25,78,78,57,23,100,51,49,"Pre_Experiment",55.6666666666667
"753",844,"C","C3",100,100,6,94,15,55,100,100,12,100,100,27,49,"Pre_Experiment",61.6666666666667
"754",845,"C","5",74,75,92,20,20,50,76,88,84,31,100,29,49,"Pre_Experiment",55.1666666666667
"755",848,"C","C6",100,91,85,45,37,51,100,100,73,61,100,58,49,"Pre_Experiment",68.1666666666667
"756",849,"C","C4",100,45,55,10,24,23,48,54,47,6,100,26,26,"Pre_Experiment",42.8333333333333
"757",850,"C","8",36,33,52,14,14,14,32,48,23,18,100,14,21,"Pre_Experiment",27.1666666666667
"758",851,"R","R2",46,64,55,40,62,10,47,50,62,11,93,52,20,"Pre_Experiment",46.1666666666667
"759",853,"R","R1",45,70,86,69,88,4,63,100,84,99,82,88,49,"Pre_Experiment",60.3333333333333
"760",854,"R","R5",47,83,85,0,0,0,49,75,74,1,100,3,4,"Pre_Experiment",35.8333333333333
"761",855,"R","R6",52,65,100,29,26,44,57,48,98,42,100,29,51,"Pre_Experiment",52.6666666666667
"762",856,"R","R4",75,85,76,8,11,50,75,81,70,56,100,52,58,"Pre_Experiment",50.8333333333333
"763",857,"S","S6",76,39,100,32,22,23,72,64,85,52,100,57,30,"Pre_Experiment",48.6666666666667
"764",858,"S","7",49,56,77,16,16,31,76,59,76,43,100,40,33,"Pre_Experiment",40.8333333333333
"765",859,"S","S4",100,96,55,51,98,68,100,50,95,10,99,47,8,"Pre_Experiment",78
"766",861,"S","S5",100,76,49,19,49,49,50,50,50,18,100,48,50,"Pre_Experiment",57
"767",862,"S","S3",100,100,1,1,0,2,100,100,2,2,100,2,2,"Pre_Experiment",34
"768",863,"S","S2",2,1,63,2,2,7,1,100,3,7,100,44,44,"Pre_Experiment",12.8333333333333
"769",865,"S","S6",100,100,50,49,24,5,100,43,54,19,100,23,9,"Pre_Experiment",54.6666666666667
"770",866,"S","S9",52,100,50,46,51,51,52,55,50,100,100,53,51,"Pre_Experiment",58.3333333333333
"771",867,"S","S8",100,100,17,17,52,11,100,100,16,20,100,23,8,"Pre_Experiment",49.5
"772",870,"S","S5",21,40,8,4,5,3,24,68,42,13,100,28,15,"Pre_Experiment",13.5
"773",872,"S","S.1",26,55,18,17,36,5,56,66,44,100,100,59,56,"Pre_Experiment",26.1666666666667
"774",875,"C","C5",44,39,30,20,8,27,44,50,20,24,96,48,30,"Pre_Experiment",28
"775",876,"C","C10",12,10,0,0,0,0,32,7,12,0,96,5,1,"Pre_Experiment",3.66666666666667
"776",877,"C","C. 8",18,25,49,48,49,17,52,100,53,54,100,52,56,"Pre_Experiment",34.3333333333333
"777",878,"C","C. 3",8,8,14,8,10,11,23,17,12,29,100,9,25,"Pre_Experiment",9.83333333333333
"778",879,"C","C 4",44,47,51,49,48,52,39,53,40,43,100,40,50,"Pre_Experiment",48.5
"779",880,"C","C7",54,49,52,50,8,49,45,100,43,100,100,12,50,"Pre_Experiment",43.6666666666667
"780",881,"C","C 6",71,73,37,26,33,50,53,53,48,50,100,70,72,"Pre_Experiment",48.3333333333333
"781",882,"C","C. 2",15,8,48,41,11,15,4,5,31,29,80,11,28,"Pre_Experiment",23
"782",883,"R","R2",63,10,9,6,61,8,40,9,8,6,100,16,6,"Pre_Experiment",26.1666666666667
"783",884,"R","3",46,28,48,46,29,50,45,37,68,76,100,32,19,"Pre_Experiment",41.1666666666667
"784",885,"R","R7",72,53,67,60,49,0,81,52,63,49,100,26,18,"Pre_Experiment",50.1666666666667
"785",886,"R","R1",48,46,54,3,6,2,50,48,49,2,100,3,6,"Pre_Experiment",26.5
"786",887,"R","R.9",69,79,63,49,56,72,67,81,76,89,100,79,94,"Pre_Experiment",64.6666666666667
"787",888,"R","R.6",100,100,48,0,0,0,100,100,52,52,100,53,0,"Pre_Experiment",41.3333333333333
"788",889,"R","R10",57,58,48,41,27,37,27,32,22,50,100,55,51,"Pre_Experiment",44.6666666666667
"789",890,"R","R. 8",50,54,100,70,98,96,100,100,100,100,100,100,100,"Pre_Experiment",78
"790",891,"R","R4",6,7,76,4,27,4,6,78,64,31,100,60,3,"Pre_Experiment",20.6666666666667
"791",892,"R","R.5",16,15,11,15,13,12,16,13,51,47,95,16,6,"Pre_Experiment",13.6666666666667
"792",893,"C","09",100,76,66,56,16,66,100,89,41,63,100,77,72,"Pre_Experiment",63.3333333333333
"793",894,"C","03",74,50,67,24,49,50,73,52,67,54,100,57,50,"Pre_Experiment",52.3333333333333
"794",895,"C","08",50,21,48,0,23,26,62,61,66,22,100,24,44,"Pre_Experiment",28
"795",896,"C","06",52,99,49,50,17,50,66,80,56,59,93,96,58,"Pre_Experiment",52.8333333333333
"796",897,"C","04",100,60,60,11,46,39,60,24,66,19,100,43,28,"Pre_Experiment",52.6666666666667
"797",898,"C","01",46,93,100,50,70,51,66,100,25,50,100,48,49,"Pre_Experiment",68.3333333333333
"798",899,"C","02",37,65,37,1,2,20,55,62,44,18,100,35,36,"Pre_Experiment",27
"799",900,"R","5",47,31,59,18,48,25,68,56,82,61,100,65,72,"Pre_Experiment",38
"800",901,"R","9",30,5,7,0,3,4,0,11,0,0,100,0,7,"Pre_Experiment",8.16666666666667
"801",902,"R","2",59,75,57,9,38,12,91,54,55,23,100,69,30,"Pre_Experiment",41.6666666666667
"802",903,"R","6",53,81,52,48,36,39,78,69,52,48,100,36,50,"Pre_Experiment",51.5
"803",904,"R","1",100,100,100,27,87,33,100,100,100,100,100,65,68,"Pre_Experiment",74.5
"804",906,"R","7",100,63,9,10,58,32,23,29,11,13,100,38,24,"Pre_Experiment",45.3333333333333
"805",907,"S","4",33,54,37,51,55,25,20,87,88,75,77,38,56,"Pre_Experiment",42.5
"806",908,"S","11",88,54,76,46,50,13,86,61,59,59,100,58,16,"Pre_Experiment",54.5
"807",909,"S","13",2,100,50,49,52,6,53,56,11,50,100,23,49,"Pre_Experiment",43.1666666666667
"808",910,"S","10",100,56,51,22,20,18,56,100,58,88,100,88,82,"Pre_Experiment",44.5
"809",911,"S","8",54,53,48,25,34,33,76,73,59,72,86,77,53,"Pre_Experiment",41.1666666666667
"810",912,"S","12",48,4,85,3,71,18,25,33,79,20,100,70,23,"Pre_Experiment",38.1666666666667
"811",913,"C","19",100,78,91,49,48,60,74,54,57,52,100,34,50,"Pre_Experiment",71
"812",914,"C","17",65,67,35,55,56,12,84,68,53,50,100,55,10,"Pre_Experiment",48.3333333333333
"813",915,"C","16",100,70,37,63,67,52,100,98,75,68,100,71,39,"Pre_Experiment",64.8333333333333
"814",917,"C","14",51,34,31,24,37,42,50,49,48,23,100,59,50,"Pre_Experiment",36.5
"815",918,"C","20",94,0,20,29,28,29,88,0,12,18,100,0,24,"Pre_Experiment",33.3333333333333
"816",919,"R","5",97,54,51,10,39,3,31,46,37,4,100,8,0,"Pre_Experiment",42.3333333333333
"817",920,"R","4",87,80,91,54,25,64,100,93,58,16,100,34,91,"Pre_Experiment",66.8333333333333
"818",921,"R","1",51,15,50,5,6,0,41,11,39,4,100,8,6,"Pre_Experiment",21.1666666666667
"819",922,"R","8",56,5,29,23,8,16,15,18,90,7,100,19,16,"Pre_Experiment",22.8333333333333
"820",923,"R","2",99,99,51,24,22,50,100,100,76,100,100,81,74,"Pre_Experiment",57.5
"821",925,"R","10",51,34,40,17,18,9,66,57,33,31,100,33,18,"Pre_Experiment",28.1666666666667
"822",926,"R","6",53,51,46,53,58,48,98,100,52,52,100,53,49,"Pre_Experiment",51.5
"823",927,"S","S 2",100,43,44,0,0,0,100,0,0,0,100,0,0,"Pre_Experiment",31.1666666666667
"824",928,"S","2",30,53,11,45,73,100,100,9,4,18,100,17,53,"Pre_Experiment",52
"825",933,"S","6",53,16,56,35,36,51,11,35,4,82,97,49,49,"Pre_Experiment",41.1666666666667
"826",935,"S","12345678910",47,99,57,57,99,78,100,53,56,58,100,49,53,"Pre_Experiment",72.8333333333333
"827",936,"C","8",100,100,47,81,86,54,95,66,80,81,95,68,63,"Pre_Experiment",78
"828",937,"C","1",54,91,53,47,46,42,90,73,74,83,78,75,75,"Pre_Experiment",55.5
"829",938,"C","3",14,19,6,30,32,51,41,62,14,28,100,31,48,"Pre_Experiment",25.3333333333333
"830",939,"C","2",49,18,2,13,35,52,45,47,3,49,94,46,49,"Pre_Experiment",28.1666666666667
"831",941,"C","6",53,57,53,13,53,45,100,61,53,56,100,51,53,"Pre_Experiment",45.6666666666667
"832",942,"C","4",46,63,20,83,72,98,91,83,52,89,85,90,97,"Pre_Experiment",63.6666666666667
"833",944,"C","5",49,29,34,80,90,80,41,67,81,70,81,40,87,"Pre_Experiment",60.3333333333333
"834",947,"R","1",54,83,9,51,55,57,100,100,100,45,100,100,100,"Pre_Experiment",51.5
"835",948,"R","10",100,72,100,44,100,52,44,45,46,13,100,33,23,"Pre_Experiment",78
"836",949,"R","9",83,88,76,62,66,77,72,84,74,79,87,78,52,"Pre_Experiment",75.3333333333333
"837",955,"S","4",100,100,100,51,81,0,100,100,100,0,81,100,0,"Pre_Experiment",72
"838",956,"S","5",91,100,58,33,62,96,95,86,79,48,99,91,100,"Pre_Experiment",73.3333333333333
"839",957,"S","8",100,100,46,0,100,55,100,100,100,32,100,49,52,"Pre_Experiment",66.8333333333333
"840",958,"S","2",100,54,51,47,5,16,57,52,57,54,100,54,12,"Pre_Experiment",45.5
"841",959,"S","3",52,50,44,7,7,4,51,80,50,33,98,18,18,"Pre_Experiment",27.3333333333333
"842",960,"S","7",100,97,7,9,7,7,60,61,9,5,98,6,15,"Pre_Experiment",37.8333333333333
"843",962,"S","9",3,48,8,87,5,9,7,20,3,5,99,1,7,"Pre_Experiment",26.6666666666667
"844",965,"R","1",70,63,70,85,68,99,81,78,68,51,97,70,64,"Pre_Experiment",75.8333333333333
"845",966,"R","4",50,43,49,44,48,88,37,49,10,60,96,46,84,"Pre_Experiment",53.6666666666667
"846",967,"R","2",39,96,47,93,95,100,73,87,61,91,92,84,97,"Pre_Experiment",78.3333333333333
"847",970,"R","5",68,76,21,48,34,15,52,92,47,50,92,50,49,"Pre_Experiment",43.6666666666667
"848",971,"R","16",84,93,54,52,68,64,100,100,93,47,100,65,54,"Pre_Experiment",69.1666666666667
"849",972,"R","11",31,28,50,43,46,52,58,64,51,40,100,30,65,"Pre_Experiment",41.6666666666667
"850",973,"R","14",37,46,9,0,2,7,70,78,3,27,100,8,18,"Pre_Experiment",16.8333333333333
"851",974,"R","15",99,60,24,26,16,69,78,90,58,59,100,62,77,"Pre_Experiment",49
"852",975,"R","12",49,47,51,49,50,10,64,71,52,50,100,51,10,"Pre_Experiment",42.6666666666667
"853",976,"S","20",45,50,66,46,30,26,54,75,34,20,100,36,29,"Pre_Experiment",43.8333333333333
"854",977,"S","18",90,59,85,49,46,39,81,74,86,84,100,83,85,"Pre_Experiment",61.3333333333333
"855",978,"S","21",100,75,16,9,8,79,96,100,18,100,100,26,81,"Pre_Experiment",47.8333333333333
"856",979,"S","19",49,100,81,50,50,25,100,100,76,20,100,49,21,"Pre_Experiment",59.1666666666667
"857",980,"S","17",100,100,60,53,53,33,57,83,77,51,100,55,44,"Pre_Experiment",66.5
"858",982,"C","10",27,100,100,100,49,50,100,100,46,100,100,51,7,"Pre_Experiment",71
"859",984,"C","5",100,100,61,44,51,67,91,100,94,46,100,65,67,"Pre_Experiment",70.5
"860",986,"C","2",51,51,50,2,0,48,44,98,47,50,100,66,47,"Pre_Experiment",33.6666666666667
"861",988,"C","3",57,83,76,67,46,51,92,98,82,23,100,52,50,"Pre_Experiment",63.3333333333333
"862",1,"S","9",60,81,53,49,55,48,77,52,28,49,81,50,53,"Post_Experiment",51.5
"863",2,"S","6",45,11,46,2,1,5,10,17,4,8,99,4,1,"Post_Experiment",7.33333333333333
"864",3,"S","4",55,46,35,12,28,28,52,71,41,39,100,39,55,"Post_Experiment",49.5
"865",6,"S","8",90,51,50,41,38,11,50,77,49,52,85,41,36,"Post_Experiment",50.8333333333333
"866",7,"S","7",18,9,3,2,1,4,6,2,2,2,94,1,2,"Post_Experiment",2.5
"867",8,"S","2",51,52,51,53,15,29,68,51,68,51,98,60,37,"Post_Experiment",55.8333333333333
"868",9,"S","1",81,64,52,34,35,50,68,67,51,63,86,51,58,"Post_Experiment",59.6666666666667
"869",12,"C","7",100,71,50,37,53,48,60,49,40,30,79,30,29,"Post_Experiment",39.6666666666667
"870",18,"R","6",100,100,0,9,0,27,42,40,0,29,100,23,50,"Post_Experiment",30.6666666666667
"871",20,"R","8",35,0,25,0,46,0,79,15,25,10,92,7,10,"Post_Experiment",24.3333333333333
"872",21,"R","7",75,41,20,20,20,35,71,22,20,15,94,23,32,"Post_Experiment",30.5
"873",22,"R","3",50,0,52,51,0,52,49,0,56,48,100,0,49,"Post_Experiment",33.6666666666667
"874",23,"R","5",44,32,7,24,28,21,59,56,57,38,91,48,55,"Post_Experiment",52.1666666666667
"875",25,"R","4",71,36,8,5,16,10,72,78,45,49,100,5,54,"Post_Experiment",50.5
"876",26,"C","10",94,52,25,47,69,48,72,100,78,33,100,33,65,"Post_Experiment",63.5
"877",27,"C","2",23,54,10,4,5,44,45,52,72,27,100,12,51,"Post_Experiment",43.1666666666667
"878",28,"C","3",39,43,51,37,33,41,47,48,50,44,100,66,63,"Post_Experiment",53
"879",29,"C","8",100,87,78,22,60,64,25,20,28,4,100,14,24,"Post_Experiment",19.1666666666667
"880",30,"C","6",100,93,51,3,3,51,100,100,52,100,100,51,50,"Post_Experiment",75.5
"881",32,"C","7",58,53,2,5,17,92,46,72,29,50,100,50,54,"Post_Experiment",50.1666666666667
"882",33,"C","1",41,55,100,19,8,9,44,78,100,41,100,44,11,"Post_Experiment",53
"883",34,"C","4",70,100,85,78,26,48,55,43,39,69,100,81,70,"Post_Experiment",59.5
"884",35,"C","5",100,100,49,47,47,47,100,100,100,100,100,100,100,"Post_Experiment",100
"885",36,"R","9",100,64,71,57,50,44,92,100,100,48,93,53,48,"Post_Experiment",73.5
"886",37,"R","5",55,55,95,46,50,49,50,47,51,55,85,49,45,"Post_Experiment",49.5
"887",38,"R","8",53,74,64,9,21,50,42,65,79,15,88,18,25,"Post_Experiment",40.6666666666667
"888",39,"R","6",96,52,92,100,74,11,49,59,100,57,91,81,6,"Post_Experiment",58.6666666666667
"889",40,"R","3",18,46,44,19,51,48,51,56,67,17,100,17,28,"Post_Experiment",39.3333333333333
"890",42,"R","10",91,75,78,13,51,9,91,51,86,21,90,22,9,"Post_Experiment",46.6666666666667
"891",44,"R","1",96,9,49,11,43,2,46,19,59,19,96,0,44,"Post_Experiment",31.1666666666667
"892",45,"R","7",49,50,87,17,51,52,88,93,81,52,100,65,54,"Post_Experiment",72.1666666666667
"893",46,"S","9",62,83,54,55,55,51,89,90,78,82,100,50,70,"Post_Experiment",76.5
"894",47,"S","1",50,100,9,49,20,6,64,9,7,14,98,13,12,"Post_Experiment",19.8333333333333
"895",49,"S","4",87,89,88,54,88,52,52,100,100,49,96,99,5,"Post_Experiment",67.5
"896",50,"S","2",53,54,50,99,61,51,100,97,95,100,100,65,51,"Post_Experiment",84.6666666666667
"897",51,"S","10",52,79,70,25,25,50,64,81,57,49,100,52,51,"Post_Experiment",59
"898",52,"S","8",100,49,55,51,54,12,100,100,100,47,100,100,49,"Post_Experiment",82.6666666666667
"899",53,"S","7",47,90,50,4,5,8,99,14,51,47,96,13,52,"Post_Experiment",46
"900",55,"S","6",70,62,61,27,18,44,35,100,56,26,100,49,61,"Post_Experiment",54.5
"901",57,"R","1",49,87,74,57,57,51,70,71,68,87,100,60,67,"Post_Experiment",70.5
"902",58,"R","9",91,45,54,35,14,23,68,66,10,51,100,0,52,"Post_Experiment",41.1666666666667
"903",59,"R","10",64,58,48,0,51,0,60,76,0,69,100,0,9,"Post_Experiment",35.6666666666667
"904",60,"R","2",91,65,8,4,9,36,91,100,21,73,100,23,85,"Post_Experiment",65.5
"905",61,"C","9",43,4,4,27,10,30,46,60,6,22,100,3,56,"Post_Experiment",32.1666666666667
"906",62,"C","5",48,21,27,0,39,78,69,69,29,20,100,43,55,"Post_Experiment",47.5
"907",63,"C","6",92,35,7,32,38,56,72,58,32,54,100,42,65,"Post_Experiment",53.8333333333333
"908",64,"C","8",22,14,44,0,0,17,78,56,32,29,100,51,39,"Post_Experiment",47.5
"909",65,"C","7",50,25,24,22,20,11,79,80,17,24,100,71,52,"Post_Experiment",53.8333333333333
"910",66,"S","8",8,0,9,0,47,8,61,49,8,48,100,50,27,"Post_Experiment",40.5
"911",67,"S","2",17,17,0,3,24,3,100,100,86,69,100,30,82,"Post_Experiment",77.8333333333333
"912",68,"S","10",93,59,40,24,37,34,100,97,54,54,100,53,77,"Post_Experiment",72.5
"913",69,"S","9",49,24,0,9,7,8,40,63,9,14,100,16,21,"Post_Experiment",27.1666666666667
"914",70,"S","1",41,0,0,0,0,24,50,49,1,75,100,26,42,"Post_Experiment",40.5
"915",71,"S","4",80,42,55,10,21,9,72,10,59,1,100,1,17,"Post_Experiment",26.6666666666667
"916",72,"S","5",15,27,18,0,19,16,33,35,14,15,100,13,28,"Post_Experiment",23
"917",73,"S","3",4,0,0,0,0,0,1,1,33,3,99,7,4,"Post_Experiment",8.16666666666667
"918",74,"S","1",91,56,59,2,45,50,74,52,50,8,100,50,50,"Post_Experiment",47.3333333333333
"919",75,"S","6",68,34,27,11,10,32,48,61,41,58,100,53,66,"Post_Experiment",54.5
"920",76,"S","7",49,50,38,16,49,27,48,51,51,51,100,55,25,"Post_Experiment",46.8333333333333
"921",77,"R","6",45,57,52,18,48,52,77,64,48,58,100,53,52,"Post_Experiment",58.6666666666667
"922",78,"R","1",48,50,47,0,0,8,48,100,0,0,100,0,9,"Post_Experiment",26.1666666666667
"923",79,"R","2",7,14,23,17,15,50,44,13,81,3,100,11,39,"Post_Experiment",31.8333333333333
"924",80,"R","3",56,60,15,8,23,26,19,25,16,5,100,11,23,"Post_Experiment",16.5
"925",82,"R","8",3,1,2,3,3,8,1,49,3,3,100,1,13,"Post_Experiment",11.6666666666667
"926",83,"R","7",57,58,40,43,39,60,82,70,57,37,100,68,73,"Post_Experiment",64.5
"927",84,"R","9",100,51,35,0,28,9,100,86,43,31,100,34,35,"Post_Experiment",54.8333333333333
"928",85,"R","5",37,48,81,0,20,13,51,62,77,3,100,14,13,"Post_Experiment",36.6666666666667
"929",86,"C","4",51,78,93,56,74,60,54,87,88,50,100,100,57,"Post_Experiment",72.6666666666667
"930",87,"C","2",4,22,37,2,25,36,30,35,46,14,100,43,44,"Post_Experiment",35.3333333333333
"931",88,"C","7",50,61,57,53,43,35,82,83,39,70,80,22,99,"Post_Experiment",65.8333333333333
"932",89,"C","1",82,100,26,19,19,55,94,100,22,69,100,62,70,"Post_Experiment",69.5
"933",91,"C","5",61,55,60,51,46,42,54,47,75,74,99,75,52,"Post_Experiment",62.8333333333333
"934",92,"C","3",75,83,66,64,81,78,72,84,85,85,100,77,75,"Post_Experiment",79.6666666666667
"935",94,"S","2",61,89,50,18,18,45,52,97,57,19,100,14,69,"Post_Experiment",51.3333333333333
"936",95,"S","4",54,49,35,28,69,54,76,29,27,44,100,52,43,"Post_Experiment",45.1666666666667
"937",96,"S","3",90,74,97,38,54,45,91,95,89,76,100,57,53,"Post_Experiment",76.8333333333333
"938",97,"S","1",65,74,78,64,63,52,73,76,81,60,100,83,52,"Post_Experiment",70.8333333333333
"939",98,"R","1",55,52,57,36,56,36,74,66,74,50,100,63,37,"Post_Experiment",60.6666666666667
"940",99,"R","4",48,55,46,52,53,51,100,100,100,100,100,48,55,"Post_Experiment",83.8333333333333
"941",100,"R","3",50,100,99,0,51,50,51,100,100,0,100,47,51,"Post_Experiment",58.1666666666667
"942",101,"R","2",10,3,2,7,24,37,9,17,15,19,100,21,18,"Post_Experiment",16.5
"943",102,"C","7",34,18,62,0,22,15,81,66,53,5,100,32,38,"Post_Experiment",45.8333333333333
"944",103,"C","3",55,66,100,53,58,40,59,95,49,50,100,54,41,"Post_Experiment",58
"945",104,"C","5",100,54,67,34,51,49,59,75,52,51,100,50,60,"Post_Experiment",57.8333333333333
"946",105,"C","8",83,85,52,50,61,74,94,100,92,98,100,93,76,"Post_Experiment",92.1666666666667
"947",106,"C","10",53,88,63,19,47,50,59,48,40,30,100,48,49,"Post_Experiment",45.6666666666667
"948",107,"C","9",26,42,11,2,2,19,13,31,26,20,100,36,0,"Post_Experiment",21
"949",109,"C","1",52,71,80,81,51,49,78,84,81,72,100,68,60,"Post_Experiment",73.8333333333333
"950",110,"C","4",62,59,57,50,49,28,58,38,56,48,100,49,35,"Post_Experiment",47.3333333333333
"951",111,"S","2",52,53,50,24,0,35,26,47,28,20,100,25,27,"Post_Experiment",28.8333333333333
"952",112,"S","4",100,100,100,54,53,52,100,100,100,100,100,100,100,"Post_Experiment",100
"953",113,"S","7",62,54,51,53,53,49,100,88,54,51,100,34,51,"Post_Experiment",63
"954",114,"S","6",51,50,53,51,29,48,100,100,55,63,100,36,50,"Post_Experiment",67.3333333333333
"955",115,"S","5",100,79,0,19,20,52,100,100,20,28,100,27,75,"Post_Experiment",58.3333333333333
"956",116,"S","1",50,100,82,93,91,46,91,99,100,99,100,95,56,"Post_Experiment",90
"957",117,"S","3",100,89,89,50,93,55,90,90,79,67,100,66,50,"Post_Experiment",73.6666666666667
"958",118,"R","6",99,100,51,55,54,0,100,100,47,52,100,54,29,"Post_Experiment",63.6666666666667
"959",119,"R","3",49,25,27,0,0,0,49,75,49,24,100,23,30,"Post_Experiment",41.6666666666667
"960",120,"R","1",96,100,55,51,53,54,100,50,53,75,100,56,48,"Post_Experiment",63.6666666666667
"961",121,"R","2",100,50,15,0,0,9,100,51,0,0,100,0,7,"Post_Experiment",26.3333333333333
"962",122,"R","4",51,18,34,9,31,8,49,31,83,13,100,66,19,"Post_Experiment",43.5
"963",123,"R","5",74,50,19,23,50,12,46,64,19,15,100,16,21,"Post_Experiment",30.1666666666667
"964",124,"C","2",85,69,54,16,17,24,71,73,17,54,100,57,17,"Post_Experiment",48.1666666666667
"965",125,"C","4",100,6,4,7,5,51,100,100,8,53,95,12,31,"Post_Experiment",50.6666666666667
"966",126,"C","05",57,100,51,54,54,100,100,11,7,7,100,10,53,"Post_Experiment",31.3333333333333
"967",128,"C","3",50,47,77,78,61,0,77,78,73,38,100,56,15,"Post_Experiment",56.1666666666667
"968",129,"C","7",37,32,47,16,56,23,48,48,57,40,100,65,26,"Post_Experiment",47.3333333333333
"969",130,"C","6",100,100,41,68,68,52,100,100,3,40,100,22,52,"Post_Experiment",52.8333333333333
"970",131,"S","8",46,49,17,13,18,50,27,33,30,32,100,35,54,"Post_Experiment",35.1666666666667
"971",132,"S","6",48,85,52,0,19,29,50,74,40,32,100,45,68,"Post_Experiment",51.5
"972",133,"S","7",60,56,39,10,20,53,71,79,63,61,100,58,62,"Post_Experiment",65.6666666666667
"973",134,"S","4",18,51,19,3,4,11,70,35,14,11,100,17,29,"Post_Experiment",29.3333333333333
"974",135,"S","5",24,16,4,18,16,20,73,72,53,50,100,27,33,"Post_Experiment",51.3333333333333
"975",136,"S","3",52,46,47,1,41,30,55,57,56,17,100,53,57,"Post_Experiment",49.1666666666667
"976",137,"S","1",82,74,70,48,56,26,100,100,84,90,100,100,53,"Post_Experiment",87.8333333333333
"977",138,"S","2",47,100,48,28,54,16,58,100,54,47,100,55,48,"Post_Experiment",60.3333333333333
"978",139,"C","6",70,42,16,14,24,50,61,42,1,6,95,11,50,"Post_Experiment",28.5
"979",140,"C","4",9,80,11,0,5,3,22,46,7,2,100,3,17,"Post_Experiment",16.1666666666667
"980",141,"C","2",4,4,15,3,13,3,30,31,29,15,100,35,28,"Post_Experiment",28
"981",142,"C","1",14,15,7,11,8,9,15,24,27,20,90,49,18,"Post_Experiment",25.5
"982",143,"C","3",77,98,21,0,9,31,82,83,64,9,100,53,43,"Post_Experiment",55.6666666666667
"983",144,"C","5",73,62,48,9,28,15,69,77,49,36,100,33,19,"Post_Experiment",47.1666666666667
"984",146,"R","1",59,51,0,6,7,17,47,49,47,11,100,12,14,"Post_Experiment",30
"985",147,"R","8",53,53,50,52,52,50,41,37,14,16,100,28,28,"Post_Experiment",27.3333333333333
"986",148,"R","7",51,68,49,32,48,49,31,76,46,52,100,51,38,"Post_Experiment",49
"987",149,"R","6",51,67,51,63,65,51,69,81,58,60,100,50,59,"Post_Experiment",62.8333333333333
"988",150,"R","2",45,50,46,26,14,11,45,52,19,36,100,48,18,"Post_Experiment",36.3333333333333
"989",151,"R","3",50,51,52,29,53,51,51,51,39,52,100,51,50,"Post_Experiment",49
"990",152,"R","4",0,17,8,16,14,9,51,25,22,0,100,32,26,"Post_Experiment",26
"991",153,"S","S05",85,53,80,83,58,52,76,80,77,59,100,69,72,"Post_Experiment",72.1666666666667
"992",154,"S","502",23,14,25,8,9,21,63,32,49,14,100,38,44,"Post_Experiment",40
"993",156,"S","506",80,52,58,49,53,8,77,75,64,56,100,64,49,"Post_Experiment",64.1666666666667
"994",157,"S","504",0,39,23,0,12,26,0,18,18,1,100,18,26,"Post_Experiment",13.5
"995",158,"S","S10",84,46,14,0,42,49,42,28,46,0,100,48,50,"Post_Experiment",35.6666666666667
"996",159,"S","S07",74,72,69,68,64,63,67,62,56,84,100,62,67,"Post_Experiment",66.3333333333333
"997",160,"S","501",49,46,60,9,13,34,58,60,55,32,100,41,41,"Post_Experiment",47.8333333333333
"998",161,"S","509",73,65,81,17,51,27,52,51,83,66,86,51,52,"Post_Experiment",59.1666666666667
"999",162,"R","R07",77,43,62,43,21,31,100,100,73,71,100,48,50,"Post_Experiment",73.6666666666667
"1000",163,"R","R01",9,31,28,0,50,27,4,11,33,0,100,53,28,"Post_Experiment",21.5
"1001",166,"R","R10",85,3,100,19,19,25,95,64,79,14,100,7,26,"Post_Experiment",47.5
"1002",167,"R","R08",66,70,53,0,9,50,86,70,79,25,100,58,69,"Post_Experiment",64.5
"1003",168,"R","R04",100,90,46,2,50,5,100,64,51,51,100,54,0,"Post_Experiment",53.3333333333333
"1004",169,"R","R02",25,25,49,0,2,2,63,55,49,3,100,5,13,"Post_Experiment",31.3333333333333
"1005",170,"R","R09",49,49,22,2,42,5,31,35,25,10,100,26,9,"Post_Experiment",22.6666666666667
"1006",171,"R","R03",48,30,39,6,48,29,8,39,47,12,100,27,28,"Post_Experiment",26.8333333333333
"1007",172,"C","C03",100,55,37,3,47,32,49,23,77,0,100,62,11,"Post_Experiment",37
"1008",173,"C","C10",27,50,33,0,53,12,52,39,52,0,100,49,0,"Post_Experiment",32
"1009",174,"C","C07",100,46,64,14,19,48,80,47,61,27,100,76,61,"Post_Experiment",58.6666666666667
"1010",175,"C","C02",41,50,29,11,24,55,49,68,46,9,100,40,56,"Post_Experiment",44.6666666666667
"1011",176,"C","C09",47,49,50,48,47,20,70,88,68,49,100,61,35,"Post_Experiment",61.8333333333333
"1012",177,"C","C08",89,29,60,41,47,91,21,25,23,22,79,42,67,"Post_Experiment",33.3333333333333
"1013",178,"C","05",20,30,16,0,8,20,20,26,25,16,100,19,35,"Post_Experiment",23.5
"1014",179,"C","C01",16,8,34,5,18,2,51,67,56,5,100,25,36,"Post_Experiment",40
"1015",180,"C","C04",70,53,50,1,30,35,50,67,60,48,98,47,50,"Post_Experiment",53.6666666666667
"1016",182,"R","5",47,82,86,48,48,30,79,52,51,66,100,66,52,"Post_Experiment",61
"1017",183,"R","6",75,86,54,5,1,32,87,96,83,24,100,29,46,"Post_Experiment",60.8333333333333
"1018",184,"R","5",79,61,100,29,53,37,67,64,31,23,100,36,47,"Post_Experiment",44.6666666666667
"1019",185,"R","2",30,36,62,23,43,20,31,46,57,39,100,50,32,"Post_Experiment",42.5
"1020",186,"R","1",85,75,63,20,16,67,82,80,77,40,100,41,67,"Post_Experiment",64.5
"1021",187,"R","4",50,31,52,2,81,11,42,41,19,0,100,15,2,"Post_Experiment",19.8333333333333
"1022",188,"R","3",72,18,55,20,59,13,81,82,33,14,96,13,31,"Post_Experiment",42.3333333333333
"1023",189,"S","1",40,100,91,0,81,54,52,80,37,7,100,28,51,"Post_Experiment",42.5
"1024",190,"S","10",83,86,5,4,5,46,92,92,5,53,100,6,47,"Post_Experiment",49.1666666666667
"1025",191,"S","9",74,54,31,13,31,33,52,55,39,43,100,44,49,"Post_Experiment",47
"1026",192,"S","2",91,59,18,11,23,37,76,70,60,34,100,32,40,"Post_Experiment",52
"1027",193,"S","3",48,46,22,11,30,47,51,66,30,24,100,46,50,"Post_Experiment",44.5
"1028",194,"S","7",45,48,48,49,49,30,59,60,18,13,98,17,18,"Post_Experiment",30.8333333333333
"1029",195,"S","5",69,51,44,29,44,28,52,67,63,68,100,56,39,"Post_Experiment",57.5
"1030",196,"S","4",78,82,25,39,13,37,49,87,19,14,100,30,43,"Post_Experiment",40.3333333333333
"1031",197,"S","6",87,39,49,10,54,27,62,86,26,16,100,23,28,"Post_Experiment",40.1666666666667
"1032",198,"R","6",36,67,69,33,38,66,60,87,63,68,100,70,57,"Post_Experiment",67.5
"1033",199,"R","1",71,64,40,28,24,34,41,88,64,28,100,35,39,"Post_Experiment",49.1666666666667
"1034",200,"R","3",80,92,8,18,0,47,21,30,15,16,100,12,0,"Post_Experiment",15.6666666666667
"1035",201,"R","5",87,77,64,0,23,10,24,79,16,4,100,9,9,"Post_Experiment",23.5
"1036",202,"R","9",56,58,15,3,8,29,64,59,31,30,100,42,31,"Post_Experiment",42.8333333333333
"1037",203,"R","7",100,52,46,15,48,49,48,50,46,53,100,50,50,"Post_Experiment",49.5
"1038",204,"R","4",91,71,69,13,18,35,79,77,68,19,100,22,36,"Post_Experiment",50.1666666666667
"1039",205,"C","6",84,78,27,17,46,28,85,91,46,33,100,57,27,"Post_Experiment",56.5
"1040",206,"C","5",9,8,10,0,11,31,0,0,0,0,100,25,0,"Post_Experiment",4.16666666666667
"1041",207,"C","9",83,70,71,33,48,60,73,70,61,77,100,66,60,"Post_Experiment",67.8333333333333
"1042",208,"C","3",100,74,83,63,64,80,100,100,95,100,100,85,95,"Post_Experiment",95.8333333333333
"1043",209,"C","4",70,71,76,46,46,48,82,100,100,87,100,85,53,"Post_Experiment",84.5
"1044",210,"C","10",86,87,95,80,35,63,94,97,65,83,100,81,63,"Post_Experiment",80.5
"1045",211,"C","7",68,49,64,71,58,49,80,72,71,61,100,51,52,"Post_Experiment",64.5
"1046",212,"S","7",13,13,11,13,14,6,25,30,35,34,100,34,25,"Post_Experiment",30.5
"1047",213,"S","8",50,52,50,34,48,32,75,77,70,63,100,67,42,"Post_Experiment",65.6666666666667
"1048",214,"S","4",79,44,48,50,51,52,71,74,71,71,100,52,54,"Post_Experiment",65.5
"1049",215,"S","3",51,22,32,15,16,0,34,32,4,2,100,4,0,"Post_Experiment",12.6666666666667
"1050",216,"S","5",11,6,4,6,6,6,20,20,31,14,100,31,14,"Post_Experiment",21.6666666666667
"1051",217,"S","1",47,44,48,43,39,38,50,70,60,58,100,63,57,"Post_Experiment",59.6666666666667
"1052",218,"S","2",46,28,30,33,27,34,52,33,28,24,100,21,22,"Post_Experiment",30
"1053",219,"S","6",18,28,76,8,83,8,47,73,46,58,100,37,29,"Post_Experiment",48.3333333333333
"1054",220,"R","8",9,18,18,13,13,7,58,100,100,70,100,100,52,"Post_Experiment",80
"1055",221,"R","7",72,17,18,16,19,5,100,100,85,100,100,92,100,"Post_Experiment",96.1666666666667
"1056",222,"R","9",96,51,3,52,52,0,98,84,73,77,100,67,16,"Post_Experiment",69.1666666666667
"1057",223,"R","1",70,70,71,52,52,72,74,74,91,81,100,73,72,"Post_Experiment",77.5
"1058",224,"R","10",100,75,49,78,51,49,100,80,80,91,100,55,51,"Post_Experiment",76.1666666666667
"1059",226,"R","5",100,100,51,100,52,52,100,83,87,87,100,84,71,"Post_Experiment",85.3333333333333
"1060",227,"R","2",86,19,18,14,30,51,75,77,78,89,100,49,51,"Post_Experiment",69.8333333333333
"1061",228,"R","6",50,70,52,49,49,0,49,76,76,50,100,72,28,"Post_Experiment",58.5
"1062",229,"C","1",100,0,100,3,3,10,100,50,21,42,100,51,11,"Post_Experiment",45.8333333333333
"1063",230,"C","8",9,9,49,15,49,7,31,51,68,55,93,74,51,"Post_Experiment",55
"1064",231,"C","4",75,71,33,18,10,7,100,100,68,82,100,50,35,"Post_Experiment",72.5
"1065",232,"C","10",82,80,49,75,52,8,78,75,51,100,100,84,6,"Post_Experiment",65.6666666666667
"1066",233,"C","6",24,100,72,50,36,6,50,37,11,30,100,18,10,"Post_Experiment",26
"1067",234,"C","7",100,80,50,50,52,50,100,81,54,83,100,20,42,"Post_Experiment",63.3333333333333
"1068",236,"C","5",47,39,73,50,100,0,54,68,75,0,100,64,26,"Post_Experiment",47.8333333333333
"1069",237,"C","9",65,36,47,34,45,4,57,86,39,39,100,46,35,"Post_Experiment",50.3333333333333
"1070",238,"C","2",100,100,46,50,100,48,48,100,100,100,100,50,2,"Post_Experiment",66.6666666666667
"1071",239,"R","4",53,72,59,100,77,12,100,100,100,36,84,96,27,"Post_Experiment",76.5
"1072",240,"C","6",19,52,11,5,15,51,13,54,53,5,100,50,14,"Post_Experiment",31.5
"1073",241,"C","3",71,43,31,35,33,43,66,64,20,40,100,41,40,"Post_Experiment",45.1666666666667
"1074",242,"C","4",78,51,30,28,39,50,70,39,16,39,100,50,48,"Post_Experiment",43.6666666666667
"1075",243,"C","1",100,70,54,51,53,50,100,79,68,80,100,78,50,"Post_Experiment",75.8333333333333
"1076",244,"R","1",86,100,58,44,41,17,100,25,100,14,100,54,11,"Post_Experiment",50.6666666666667
"1077",245,"R","7",52,67,11,9,10,32,50,49,16,3,98,7,4,"Post_Experiment",21.5
"1078",246,"R","3",100,21,9,9,9,13,11,13,11,13,100,9,10,"Post_Experiment",11.1666666666667
"1079",247,"R","5",25,61,46,47,30,13,62,80,43,61,88,55,48,"Post_Experiment",58.1666666666667
"1080",248,"R","2",61,12,9,0,0,0,80,63,65,69,100,64,36,"Post_Experiment",62.8333333333333
"1081",249,"R","6",68,74,19,5,30,46,59,71,28,35,100,44,49,"Post_Experiment",47.6666666666667
"1082",250,"R","4",55,49,42,32,17,72,77,75,51,35,100,51,66,"Post_Experiment",59.1666666666667
"1083",252,"S","4",90,68,52,27,27,38,65,73,79,55,100,73,41,"Post_Experiment",64.3333333333333
"1084",253,"S","7",89,56,23,7,5,14,99,98,86,95,100,58,6,"Post_Experiment",73.6666666666667
"1085",254,"S","6",88,75,49,37,46,0,72,81,39,40,100,72,26,"Post_Experiment",55
"1086",255,"S","1",24,77,52,49,50,4,97,99,49,91,87,54,50,"Post_Experiment",73.3333333333333
"1087",256,"S","3",56,39,48,24,64,43,59,60,71,65,100,77,58,"Post_Experiment",65
"1088",257,"S","2",40,41,39,37,38,45,65,64,39,51,100,51,54,"Post_Experiment",54
"1089",259,"S","1",83,83,88,13,59,28,40,33,71,7,100,48,32,"Post_Experiment",38.5
"1090",260,"S","5",81,68,76,9,64,53,96,93,65,53,84,63,57,"Post_Experiment",71.1666666666667
"1091",262,"S","2",78,27,48,6,46,10,70,37,65,50,100,49,32,"Post_Experiment",50.5
"1092",263,"S","4",63,68,50,24,51,51,80,52,50,3,100,50,50,"Post_Experiment",47.5
"1093",264,"S","S8",52,50,61,55,36,66,87,86,66,41,96,78,77,"Post_Experiment",72.5
"1094",265,"S","S5",50,71,35,34,21,49,80,64,68,54,100,49,81,"Post_Experiment",66
"1095",266,"S","S9",8,2,3,5,5,1,87,98,70,74,100,62,98,"Post_Experiment",81.5
"1096",267,"S","S6",47,50,51,47,48,48,52,100,51,50,99,51,51,"Post_Experiment",59.1666666666667
"1097",268,"S","S10",54,52,51,53,49,16,53,54,28,50,100,51,75,"Post_Experiment",51.8333333333333
"1098",269,"S","S1",100,49,50,44,39,46,48,46,44,53,100,45,100,"Post_Experiment",56
"1099",271,"S","S7",55,100,0,52,50,100,48,100,100,100,100,48,100,"Post_Experiment",82.6666666666667
"1100",273,"R","R1",74,54,32,42,65,26,49,50,28,0,100,24,56,"Post_Experiment",34.5
"1101",274,"R","R9",66,71,22,4,53,71,47,55,51,5,100,26,64,"Post_Experiment",41.3333333333333
"1102",275,"R","R2",4,97,54,0,3,4,48,46,49,50,96,96,47,"Post_Experiment",56
"1103",276,"R","R4",53,57,50,3,51,51,54,54,53,54,100,54,50,"Post_Experiment",53.1666666666667
"1104",278,"S","S2",11,57,76,66,94,59,45,93,85,85,100,100,67,"Post_Experiment",79.1666666666667
"1105",280,"R","R6",10,8,10,1,0,0,10,9,13,7,100,6,4,"Post_Experiment",8.16666666666667
"1106",281,"R","R8",0,100,100,0,0,0,4,100,100,10,100,9,9,"Post_Experiment",38.6666666666667
"1107",282,"R","R5",68,100,15,9,10,8,69,16,11,26,100,33,4,"Post_Experiment",26.5
"1108",283,"C","C1",50,100,52,4,53,54,49,100,54,55,100,48,54,"Post_Experiment",60
"1109",284,"C","C9",47,99,50,48,51,50,49,51,49,99,100,100,49,"Post_Experiment",66.1666666666667
"1110",285,"C","C8",100,100,53,8,5,50,100,100,5,100,100,31,67,"Post_Experiment",67.1666666666667
"1111",286,"C","C3",54,100,55,0,6,48,60,100,51,0,100,54,52,"Post_Experiment",52.8333333333333
"1112",287,"C","C2",51,47,47,3,0,8,52,51,55,47,100,52,9,"Post_Experiment",44.3333333333333
"1113",288,"C","C6",78,100,54,53,34,49,83,67,55,61,100,74,57,"Post_Experiment",66.1666666666667
"1114",289,"C","C5",92,4,48,47,46,95,89,89,45,50,89,50,52,"Post_Experiment",62.5
"1115",290,"C","C10",48,97,98,43,46,51,48,94,95,46,95,97,94,"Post_Experiment",79
"1116",291,"C","C7",41,83,29,89,75,87,94,60,61,80,100,53,73,"Post_Experiment",70.1666666666667
"1117",292,"C","C4",46,38,28,9,22,24,12,34,18,28,100,67,64,"Post_Experiment",37.1666666666667
"1118",293,"C","7",82,83,79,60,71,50,77,73,67,25,100,59,50,"Post_Experiment",58.5
"1119",296,"C","B",58,27,48,9,4,64,58,41,40,7,100,25,47,"Post_Experiment",36.3333333333333
"1120",298,"C","4",48,47,50,0,0,12,50,58,49,26,100,63,24,"Post_Experiment",45
"1121",299,"S","7",4,3,4,1,0,0,15,9,11,0,100,6,5,"Post_Experiment",7.66666666666667
"1122",300,"S","4",40,30,46,0,0,0,19,0,21,0,100,31,0,"Post_Experiment",11.8333333333333
"1123",301,"S","5",11,7,5,3,3,12,7,9,9,9,100,12,10,"Post_Experiment",9.33333333333333
"1124",302,"S","1",45,47,52,45,51,45,55,64,73,69,94,75,78,"Post_Experiment",69
"1125",303,"S","6",52,66,42,13,33,14,12,10,9,10,100,13,11,"Post_Experiment",10.8333333333333
"1126",304,"S","3",80,100,84,56,63,50,93,90,20,71,100,59,30,"Post_Experiment",60.5
"1127",305,"R","10",40,51,16,8,4,6,66,34,36,21,100,17,13,"Post_Experiment",31.1666666666667
"1128",306,"R","9",26,62,15,3,15,25,28,76,19,25,100,24,25,"Post_Experiment",32.8333333333333
"1129",307,"R","1",15,0,11,3,5,8,44,37,28,13,100,17,33,"Post_Experiment",28.6666666666667
"1130",308,"R","3",64,54,34,20,16,26,50,64,55,54,100,50,45,"Post_Experiment",53
"1131",310,"R","4",50,48,24,23,67,8,50,47,20,45,100,65,8,"Post_Experiment",39.1666666666667
"1132",311,"R","7",93,90,88,53,51,53,87,53,57,54,100,55,54,"Post_Experiment",60
"1133",312,"R","8",66,53,15,30,15,0,62,88,25,34,100,29,51,"Post_Experiment",48.1666666666667
"1134",313,"R","6",94,52,23,48,47,44,53,52,29,49,100,49,48,"Post_Experiment",46.6666666666667
"1135",314,"C","1",15,14,14,12,12,25,97,79,78,54,100,55,37,"Post_Experiment",66.6666666666667
"1136",315,"C","7",55,45,47,8,49,52,55,48,53,18,100,48,50,"Post_Experiment",45.3333333333333
"1137",316,"C","5",47,74,0,6,32,71,80,12,57,8,94,9,0,"Post_Experiment",27.6666666666667
"1138",317,"C","6",45,71,45,40,46,51,70,76,56,72,100,60,68,"Post_Experiment",67
"1139",318,"C","4",78,77,18,98,21,23,23,39,45,15,100,42,17,"Post_Experiment",30.1666666666667
"1140",319,"C","3",43,42,18,17,37,49,57,92,51,46,100,50,79,"Post_Experiment",62.5
"1141",320,"R","P5",69,86,87,51,69,60,57,61,68,56,100,65,50,"Post_Experiment",59.5
"1142",321,"R","P4",71,79,64,18,45,30,66,74,73,59,99,71,47,"Post_Experiment",65
"1143",322,"R","P6",78,86,66,44,53,40,85,61,56,51,100,72,57,"Post_Experiment",63.6666666666667
"1144",323,"R","P2",88,75,76,58,67,38,73,69,61,60,99,62,58,"Post_Experiment",63.8333333333333
"1145",325,"C","8",50,41,26,1,19,2,39,32,40,10,88,29,24,"Post_Experiment",29
"1146",326,"C","3",100,100,26,32,63,60,100,100,67,58,100,69,68,"Post_Experiment",77
"1147",327,"C","2",23,49,48,47,51,49,50,49,26,21,100,48,32,"Post_Experiment",37.6666666666667
"1148",328,"C","1",26,100,33,0,46,9,30,63,48,24,100,63,20,"Post_Experiment",41.3333333333333
"1149",329,"C","6",55,79,73,0,50,47,100,100,100,14,100,54,50,"Post_Experiment",69.6666666666667
"1150",330,"C","9",13,10,76,5,29,26,37,35,68,36,82,78,35,"Post_Experiment",48.1666666666667
"1151",331,"C","7",48,100,18,53,64,34,71,72,44,28,78,58,52,"Post_Experiment",54.1666666666667
"1152",332,"C","4",34,79,51,29,51,72,69,73,69,58,100,66,71,"Post_Experiment",67.6666666666667
"1153",333,"C","5",9,86,7,7,9,13,49,100,27,52,100,32,28,"Post_Experiment",48
"1154",334,"S","4",45,77,97,10,73,20,65,78,72,45,100,76,35,"Post_Experiment",61.8333333333333
"1155",335,"S","6",64,52,47,14,46,45,42,73,29,33,100,53,32,"Post_Experiment",43.6666666666667
"1156",336,"S","5",0,0,0,0,0,0,13,29,20,9,100,0,20,"Post_Experiment",15.1666666666667
"1157",337,"S","1",100,58,50,13,52,22,100,65,59,8,100,56,25,"Post_Experiment",52.1666666666667
"1158",338,"S","10",49,48,50,0,48,0,13,57,51,0,100,10,10,"Post_Experiment",23.5
"1159",339,"S","7",83,74,47,3,22,29,100,100,69,46,100,84,50,"Post_Experiment",74.8333333333333
"1160",340,"S","9",86,87,51,36,49,63,89,88,74,75,100,83,85,"Post_Experiment",82.3333333333333
"1161",341,"S","2",100,100,36,36,57,57,100,100,63,82,100,61,69,"Post_Experiment",79.1666666666667
"1162",343,"S","3",100,100,49,33,48,50,100,100,54,52,100,55,50,"Post_Experiment",68.5
"1163",345,"S","3Bog09",0,5,0,0,0,0,12,0,0,0,100,0,0,"Post_Experiment",2
"1164",347,"S","3Bog04",7,7,7,7,6,8,51,52,5,1,100,7,7,"Post_Experiment",20.5
"1165",348,"S","3Bog01",36,100,12,0,13,17,37,100,0,0,100,10,8,"Post_Experiment",25.8333333333333
"1166",349,"S","3 Bog 07",50,88,56,0,50,6,54,73,93,47,94,52,6,"Post_Experiment",54.1666666666667
"1167",350,"S","3Bog02",5,6,2,1,1,19,0,31,3,3,100,7,34,"Post_Experiment",13
"1168",351,"S","3Bog08",6,5,19,4,1,13,10,35,37,8,100,23,25,"Post_Experiment",23
"1169",352,"S","3Bog06",27,100,100,17,50,50,29,84,83,29,100,36,49,"Post_Experiment",51.6666666666667
"1170",353,"C","1Bog04",48,0,100,7,88,30,18,15,53,1,100,72,4,"Post_Experiment",27.1666666666667
"1171",354,"C","1Bog02",10,9,3,2,4,20,22,20,11,9,100,14,4,"Post_Experiment",13.3333333333333
"1172",357,"C","1Bog10",56,45,55,4,12,59,42,31,28,16,81,24,21,"Post_Experiment",27
"1173",358,"C","1Bog06",11,40,4,5,3,3,53,54,66,7,100,49,8,"Post_Experiment",39.5
"1174",360,"C","1Bog09",35,23,15,1,7,13,51,13,13,5,100,22,8,"Post_Experiment",18.6666666666667
"1175",361,"R","2Bog02",43,46,50,0,0,0,49,99,90,1,97,2,10,"Post_Experiment",41.8333333333333
"1176",362,"R","2 Bog 06",53,50,49,22,15,29,52,62,27,47,100,27,41,"Post_Experiment",42.6666666666667
"1177",363,"R","2Bog03",49,53,44,0,13,19,52,51,48,47,77,48,43,"Post_Experiment",48.1666666666667
"1178",365,"R","2Bog04",85,66,80,7,36,26,63,39,44,31,100,26,21,"Post_Experiment",37.3333333333333
"1179",367,"R","2Bog05",10,0,0,0,0,0,0,40,18,3,100,0,5,"Post_Experiment",11
"1180",368,"R","2 Bog 08",52,50,78,16,57,47,80,79,66,67,100,58,69,"Post_Experiment",69.8333333333333
"1181",369,"S","5",74,100,34,0,50,27,68,100,81,50,100,51,48,"Post_Experiment",66.3333333333333
"1182",370,"S","9",0,0,0,0,0,0,0,0,0,0,100,0,0,"Post_Experiment",0
"1183",371,"S","8",1,53,1,0,0,43,3,3,4,2,100,8,8,"Post_Experiment",4.66666666666667
"1184",372,"S","2",53,50,49,15,51,34,66,51,26,16,100,51,31,"Post_Experiment",40.1666666666667
"1185",373,"S","10",50,47,48,53,49,33,51,71,65,51,100,50,28,"Post_Experiment",52.6666666666667
"1186",374,"S","6",78,86,51,51,33,51,68,41,68,28,100,51,51,"Post_Experiment",51.1666666666667
"1187",375,"S","3",67,69,100,77,53,51,77,67,73,19,100,27,63,"Post_Experiment",54.3333333333333
"1188",376,"R","16",18,38,81,11,47,5,16,74,72,11,100,48,4,"Post_Experiment",37.5
"1189",377,"R","17",50,87,54,63,60,52,54,83,51,43,100,54,56,"Post_Experiment",56.8333333333333
"1190",378,"R","11",51,70,60,0,51,15,51,65,50,10,100,51,2,"Post_Experiment",38.1666666666667
"1191",379,"R","18",49,49,70,45,51,45,74,75,76,48,100,74,66,"Post_Experiment",68.8333333333333
"1192",380,"R","13",27,31,26,24,23,32,54,78,20,34,100,22,50,"Post_Experiment",43
"1193",381,"R","19",23,79,50,1,28,9,50,65,43,18,100,37,10,"Post_Experiment",37.1666666666667
"1194",382,"R","12",44,97,51,51,57,75,100,100,80,51,100,51,76,"Post_Experiment",76.3333333333333
"1195",383,"R","20",48,75,48,19,18,6,64,86,16,17,100,14,50,"Post_Experiment",41.1666666666667
"1196",384,"R","15",63,57,46,22,47,32,80,89,62,60,100,58,62,"Post_Experiment",68.5
"1197",386,"C","27",76,30,38,5,13,18,59,34,37,21,100,25,16,"Post_Experiment",32
"1198",387,"C","29",63,56,65,3,48,26,42,55,68,21,100,67,39,"Post_Experiment",48.6666666666667
"1199",388,"C","28",47,29,45,21,17,29,71,57,52,39,100,56,40,"Post_Experiment",52.5
"1200",389,"C","25",21,58,45,0,30,10,53,60,24,6,100,34,34,"Post_Experiment",35.1666666666667
"1201",390,"C","24",92,44,13,43,44,0,22,27,58,12,100,23,16,"Post_Experiment",26.3333333333333
"1202",391,"C","21",100,100,13,20,30,7,80,84,71,58,100,47,51,"Post_Experiment",65.1666666666667
"1203",392,"C","22",52,31,53,51,43,16,88,74,27,52,100,38,26,"Post_Experiment",50.8333333333333
"1204",393,"C","23",9,32,100,6,9,7,1,15,10,0,100,11,0,"Post_Experiment",6.16666666666667
"1205",394,"C","26",49,48,23,18,49,11,58,55,21,53,100,17,12,"Post_Experiment",36
"1206",395,"C","(I dont remember but will check with you after?)",55,65,54,51,54,13,66,76,34,27,100,25,8,"Post_Experiment",39.3333333333333
"1207",396,"C","Red637",70,77,45,0,7,1,35,35,17,15,100,14,17,"Post_Experiment",22.1666666666667
"1208",397,"C","6",40,77,61,21,44,8,51,100,52,15,100,61,25,"Post_Experiment",50.6666666666667
"1209",398,"C","Green080",62,61,49,33,32,62,52,63,25,38,100,28,74,"Post_Experiment",46.6666666666667
"1210",399,"C","FF941",73,100,36,6,20,18,71,62,50,44,100,41,36,"Post_Experiment",50.6666666666667
"1211",400,"C","Spaghetti De la Hood 9613",25,14,39,0,1,31,47,26,26,6,100,9,28,"Post_Experiment",23.6666666666667
"1212",401,"S","6",45,26,39,7,5,32,74,100,52,66,100,49,50,"Post_Experiment",65.1666666666667
"1213",402,"S","1",79,48,15,3,4,2,48,37,34,10,100,30,50,"Post_Experiment",34.8333333333333
"1214",403,"S","5",81,84,46,59,51,34,83,95,98,77,100,78,51,"Post_Experiment",80.3333333333333
"1215",405,"S","4",49,49,26,25,50,50,50,50,49,50,100,49,49,"Post_Experiment",49.5
"1216",406,"S","MM565",87,84,51,25,50,60,81,87,51,36,100,21,61,"Post_Experiment",56.1666666666667
"1217",407,"S","1",52,44,9,0,7,47,74,74,23,14,100,10,68,"Post_Experiment",43.8333333333333
"1218",408,"S","S",100,100,73,5,36,69,100,100,100,100,100,77,73,"Post_Experiment",91.6666666666667
"1219",409,"S","kt3108",52,73,62,21,46,51,50,50,46,31,100,43,52,"Post_Experiment",45.3333333333333
"1220",410,"S","4",14,10,66,3,45,38,50,71,84,61,100,64,68,"Post_Experiment",66.3333333333333
"1221",412,"C","4",47,21,57,23,42,47,48,46,41,49,100,50,48,"Post_Experiment",47
"1222",413,"C","6",100,50,47,24,24,52,55,0,0,0,100,48,49,"Post_Experiment",25.3333333333333
"1223",414,"C","2",95,63,28,47,48,47,99,85,72,67,100,77,78,"Post_Experiment",79.6666666666667
"1224",415,"C","7",88,100,47,52,65,82,84,100,52,73,100,50,85,"Post_Experiment",74
"1225",416,"C","3",77,70,1,47,0,26,85,79,0,80,100,19,6,"Post_Experiment",44.8333333333333
"1226",417,"C","10",9,36,100,2,51,0,54,98,99,5,100,79,5,"Post_Experiment",56.6666666666667
"1227",418,"S","16",100,46,41,56,16,5,53,52,50,14,100,50,5,"Post_Experiment",37.3333333333333
"1228",419,"S","18",34,53,26,29,33,13,36,51,31,22,100,28,8,"Post_Experiment",29.3333333333333
"1229",420,"S","11",100,50,78,11,18,10,75,68,56,33,100,35,49,"Post_Experiment",52.6666666666667
"1230",421,"S","13",69,16,67,0,59,13,74,39,60,13,100,63,3,"Post_Experiment",42
"1231",422,"S","17",51,79,55,16,36,41,60,89,66,38,100,66,65,"Post_Experiment",64
"1232",423,"S","15",56,22,44,43,46,54,44,52,35,35,100,44,54,"Post_Experiment",44
"1233",424,"R","30",100,89,25,46,47,70,82,71,32,68,100,28,77,"Post_Experiment",59.6666666666667
"1234",425,"R","29",100,65,20,17,50,25,100,83,22,42,100,27,33,"Post_Experiment",51.1666666666667
"1235",426,"R","22",78,0,0,0,75,37,19,15,9,31,100,38,35,"Post_Experiment",24.5
"1236",427,"R","23",50,23,0,0,0,0,49,71,52,0,100,51,0,"Post_Experiment",37.1666666666667
"1237",428,"R","27",35,28,25,31,54,35,62,55,24,40,100,26,31,"Post_Experiment",39.6666666666667
"1238",429,"R","25",29,0,12,17,16,19,24,16,0,0,100,16,22,"Post_Experiment",13
"1239",431,"R","24",79,66,73,29,48,30,49,29,73,6,100,30,30,"Post_Experiment",36.1666666666667
"1240",432,"R","21",99,73,45,7,9,11,85,54,13,5,100,5,8,"Post_Experiment",28.3333333333333
"1241",433,"R","7",35,49,56,37,51,45,44,43,55,39,100,51,37,"Post_Experiment",44.8333333333333
"1242",434,"R","2",65,58,51,25,46,59,31,50,61,23,100,37,34,"Post_Experiment",39.3333333333333
"1243",435,"R","1",39,42,16,8,50,7,52,51,53,9,100,52,23,"Post_Experiment",40
"1244",436,"R","14087385",49,51,27,4,1,3,58,78,29,2,100,10,3,"Post_Experiment",30
"1245",437,"R","4",21,0,20,12,17,29,37,51,50,31,100,21,51,"Post_Experiment",40.1666666666667
"1246",438,"R","3",57,81,51,52,54,49,44,76,68,49,100,49,44,"Post_Experiment",55
"1247",439,"R","R4",92,36,18,4,12,51,82,24,66,14,100,27,27,"Post_Experiment",40
"1248",440,"R","R1",45,10,8,4,2,25,72,55,7,16,100,9,30,"Post_Experiment",31.5
"1249",442,"R","R7",48,75,68,56,52,59,73,78,65,64,100,66,63,"Post_Experiment",68.1666666666667
"1250",443,"R","R8",69,79,64,41,47,51,67,79,56,28,100,41,59,"Post_Experiment",55
"1251",444,"R","R5",63,17,59,38,23,20,64,66,71,47,76,100,64,"Post_Experiment",68.6666666666667
"1252",445,"R","R9",48,66,52,21,46,51,60,74,18,41,100,34,70,"Post_Experiment",49.5
"1253",446,"R","R2",51,72,46,9,20,11,59,66,52,56,100,61,54,"Post_Experiment",58
"1254",447,"R","R6",100,43,74,11,48,33,100,84,74,57,100,56,51,"Post_Experiment",70.3333333333333
"1255",448,"S","S5",48,53,82,49,67,52,55,63,65,34,100,61,53,"Post_Experiment",55.1666666666667
"1256",449,"S","S1",72,60,72,13,52,52,75,83,49,19,100,17,50,"Post_Experiment",48.8333333333333
"1257",450,"S","S3",50,26,48,13,43,20,47,68,56,49,100,61,51,"Post_Experiment",55.3333333333333
"1258",451,"S","S8",69,70,57,16,52,52,67,86,49,51,100,57,74,"Post_Experiment",64
"1259",452,"S","S9",78,91,52,17,51,52,88,86,60,53,100,54,67,"Post_Experiment",68
"1260",453,"S","S7",53,51,51,1,31,8,69,79,54,66,100,54,51,"Post_Experiment",62.1666666666667
"1261",454,"R","4",15,77,22,6,0,3,23,55,0,14,100,0,18,"Post_Experiment",18.3333333333333
"1262",455,"R","3",53,50,74,50,79,29,50,64,63,65,100,58,49,"Post_Experiment",58.1666666666667
"1263",456,"R","5",47,62,63,23,48,27,75,60,66,57,100,41,38,"Post_Experiment",56.1666666666667
"1264",457,"R","2",75,75,74,53,55,31,93,86,95,70,100,85,51,"Post_Experiment",80
"1265",458,"R","1",50,48,41,16,27,25,70,77,51,22,100,38,65,"Post_Experiment",53.8333333333333
"1266",459,"S","3",6,47,37,5,52,25,24,66,52,35,100,24,40,"Post_Experiment",40.1666666666667
"1267",460,"S","7",100,12,100,100,100,59,100,100,68,49,100,36,67,"Post_Experiment",70
"1268",461,"S","6",68,82,64,73,51,52,58,85,78,54,100,54,50,"Post_Experiment",63.1666666666667
"1269",462,"S","5",60,59,49,12,36,53,44,43,58,34,100,34,75,"Post_Experiment",48
"1270",463,"S","2",46,47,50,2,50,18,48,71,43,6,100,45,28,"Post_Experiment",40.1666666666667
"1271",464,"S","1",79,75,49,17,37,29,72,87,51,64,100,52,64,"Post_Experiment",65
"1272",465,"R","4",60,82,51,8,6,51,79,55,51,18,100,49,31,"Post_Experiment",47.1666666666667
"1273",466,"R","3",67,100,7,20,16,63,67,77,50,24,100,12,48,"Post_Experiment",46.3333333333333
"1274",467,"R","5",50,19,49,19,13,16,16,7,29,13,100,19,23,"Post_Experiment",17.8333333333333
"1275",468,"R","1",12,100,100,0,48,0,12,100,100,0,100,9,7,"Post_Experiment",38
"1276",469,"R","2",100,49,54,53,56,19,50,54,48,16,100,50,2,"Post_Experiment",36.6666666666667
"1277",470,"C","C10",49,55,25,15,31,32,50,53,35,49,100,46,59,"Post_Experiment",48.6666666666667
"1278",471,"C","C5",15,50,20,50,25,53,30,47,14,6,100,48,43,"Post_Experiment",31.3333333333333
"1279",472,"C","C2",61,100,19,12,28,52,54,89,31,41,100,49,53,"Post_Experiment",52.8333333333333
"1280",473,"C","C3",79,60,61,12,36,32,66,49,39,44,100,38,47,"Post_Experiment",47.1666666666667
"1281",474,"C","C9",48,84,9,10,16,23,73,88,17,52,100,6,6,"Post_Experiment",40.3333333333333
"1282",475,"C","C4",20,16,67,15,61,51,58,62,59,50,100,64,60,"Post_Experiment",58.8333333333333
"1283",476,"C","C1",77,53,81,17,27,38,73,72,59,32,100,47,61,"Post_Experiment",57.3333333333333
"1284",477,"C","C7",68,43,22,2,19,8,74,76,27,59,100,55,50,"Post_Experiment",56.8333333333333
"1285",478,"C","C6",93,77,11,68,14,50,81,84,16,54,100,9,100,"Post_Experiment",57.3333333333333
"1286",479,"C","5",63,100,49,29,53,50,56,53,49,2,100,54,57,"Post_Experiment",45.1666666666667
"1287",480,"C","2",52,54,49,0,50,30,55,51,54,25,100,50,33,"Post_Experiment",44.6666666666667
"1288",481,"C","1",54,53,48,10,39,29,63,57,50,29,100,48,43,"Post_Experiment",48.3333333333333
"1289",482,"C","3",54,44,79,5,7,7,66,55,14,8,100,8,12,"Post_Experiment",27.1666666666667
"1290",483,"C","7",100,50,0,48,40,52,100,100,48,52,100,7,54,"Post_Experiment",60.1666666666667
"1291",484,"S","7",52,66,48,0,49,39,51,73,61,50,100,48,62,"Post_Experiment",57.5
"1292",485,"S","3",52,52,77,51,48,31,83,83,53,55,100,69,35,"Post_Experiment",63
"1293",486,"S","1",51,52,38,0,18,30,54,54,42,49,100,48,56,"Post_Experiment",50.5
"1294",487,"S","8",53,51,64,53,56,51,68,62,84,71,100,73,50,"Post_Experiment",68
"1295",488,"S","5",100,100,100,21,17,51,100,100,73,48,100,80,51,"Post_Experiment",75.3333333333333
"1296",489,"S","9",46,80,64,31,39,9,78,100,84,92,100,85,47,"Post_Experiment",81
"1297",490,"C","7",73,79,80,63,59,46,76,100,73,49,100,67,66,"Post_Experiment",71.8333333333333
"1298",491,"C","4",51,90,89,56,78,50,70,68,77,36,100,69,48,"Post_Experiment",61.3333333333333
"1299",492,"C","1",75,53,52,0,53,19,52,72,52,51,100,52,41,"Post_Experiment",53.3333333333333
"1300",493,"C","6",87,100,56,64,53,66,77,100,70,100,100,58,81,"Post_Experiment",81
"1301",494,"C","2",49,43,50,56,55,63,70,52,72,65,100,54,64,"Post_Experiment",62.8333333333333
"1302",496,"C","05",43,34,41,51,49,10,68,68,57,48,100,51,38,"Post_Experiment",55
"1303",497,"C","10",52,50,27,45,25,3,32,3,6,4,100,6,6,"Post_Experiment",9.5
"1304",500,"C","07",56,56,85,50,50,45,83,90,89,54,100,44,65,"Post_Experiment",70.8333333333333
"1305",501,"C","03",70,98,48,56,56,56,100,100,100,49,100,49,48,"Post_Experiment",74.3333333333333
"1306",502,"C","09",80,80,64,64,52,71,84,83,75,59,99,73,80,"Post_Experiment",75.6666666666667
"1307",503,"C","01",29,35,85,58,56,46,47,54,41,47,98,56,30,"Post_Experiment",45.8333333333333
"1308",504,"S","5",45,22,12,2,45,4,34,66,47,11,100,29,24,"Post_Experiment",35.1666666666667
"1309",505,"S","8",38,21,46,31,19,11,16,13,15,16,100,14,16,"Post_Experiment",15
"1310",506,"S","4",33,22,28,3,5,0,87,89,4,9,100,4,4,"Post_Experiment",32.8333333333333
"1311",507,"S","1",13,89,61,17,54,51,48,66,69,39,100,69,49,"Post_Experiment",56.6666666666667
"1312",508,"S","2",51,56,44,5,6,23,82,86,51,29,100,20,89,"Post_Experiment",59.5
"1313",509,"S","7",48,37,13,5,6,6,52,19,20,18,100,18,19,"Post_Experiment",24.3333333333333
"1314",510,"S","6",61,14,52,1,50,10,29,47,14,2,100,12,16,"Post_Experiment",20
"1315",511,"S","3",14,100,49,8,31,6,44,72,55,9,100,14,43,"Post_Experiment",39.5
"1316",512,"R","9",74,57,50,25,31,33,100,100,14,27,100,25,24,"Post_Experiment",48.3333333333333
"1317",513,"R","4",8,32,14,5,12,22,8,26,14,5,100,28,24,"Post_Experiment",17.5
"1318",514,"R","3",0,40,38,0,8,27,21,55,13,6,100,12,43,"Post_Experiment",25
"1319",515,"R","8",52,74,52,5,51,49,52,73,54,26,96,54,51,"Post_Experiment",51.6666666666667
"1320",516,"R","5",29,36,18,3,28,49,34,47,0,9,100,6,63,"Post_Experiment",26.5
"1321",517,"R","2",13,10,7,0,0,13,11,10,7,4,100,4,9,"Post_Experiment",7.5
"1322",518,"R","7",56,28,35,14,15,39,28,36,29,23,100,26,33,"Post_Experiment",29.1666666666667
"1323",519,"R","6",11,50,26,11,50,50,40,49,46,33,100,54,50,"Post_Experiment",45.3333333333333
"1324",520,"R","1",64,9,35,0,0,33,64,61,52,11,100,14,48,"Post_Experiment",41.6666666666667
"1325",521,"R","7",51,100,70,51,51,28,50,73,51,51,100,52,15,"Post_Experiment",48.6666666666667
"1326",522,"R","6",100,86,58,30,26,13,75,95,100,48,100,40,0,"Post_Experiment",59.6666666666667
"1327",523,"R","8",49,50,0,53,54,52,58,90,97,66,100,53,53,"Post_Experiment",69.5
"1328",524,"R","10",51,50,50,51,51,31,55,80,71,13,100,52,31,"Post_Experiment",50.3333333333333
"1329",525,"R","9",90,73,68,43,48,50,82,61,52,52,100,50,51,"Post_Experiment",58
"1330",526,"R","3",0,100,89,29,41,36,100,100,99,70,100,81,42,"Post_Experiment",82
"1331",527,"C","3",92,98,49,0,66,75,75,19,81,29,100,77,37,"Post_Experiment",53
"1332",528,"C","2",64,79,22,5,12,40,35,16,79,12,100,53,39,"Post_Experiment",39
"1333",529,"C","5",53,24,52,20,9,13,60,32,81,11,100,22,11,"Post_Experiment",36.1666666666667
"1334",530,"C","4",48,15,12,21,23,20,33,38,32,21,100,22,20,"Post_Experiment",27.6666666666667
"1335",531,"C","6",69,37,48,12,38,50,65,43,27,17,100,29,29,"Post_Experiment",35
"1336",532,"C","1",100,4,21,1,28,21,100,13,2,3,100,0,8,"Post_Experiment",21
"1337",533,"C","4",47,18,78,0,14,11,53,8,59,7,100,51,35,"Post_Experiment",35.5
"1338",534,"C","2",97,9,93,1,1,2,96,31,66,38,98,72,50,"Post_Experiment",58.8333333333333
"1339",535,"C","8",100,0,2,0,1,0,5,6,2,2,100,4,7,"Post_Experiment",4.33333333333333
"1340",536,"C","10",11,73,11,42,34,53,7,22,7,5,99,3,4,"Post_Experiment",8
"1341",537,"C","5",77,38,49,1,3,19,43,74,27,23,100,28,51,"Post_Experiment",41
"1342",538,"C","9",0,49,65,49,51,65,70,68,66,56,100,65,71,"Post_Experiment",66
"1343",539,"C","6",34,32,44,6,46,42,48,34,45,5,100,37,43,"Post_Experiment",35.3333333333333
"1344",540,"C","1",14,10,8,7,7,10,5,5,7,10,100,5,9,"Post_Experiment",6.83333333333333
"1345",541,"C","7",30,23,93,10,98,74,73,58,93,39,100,72,68,"Post_Experiment",67.1666666666667
"1346",542,"C","3",72,100,100,11,48,85,100,100,100,100,100,91,100,"Post_Experiment",98.5
"1347",543,"S","12",10,15,48,5,4,29,20,22,39,88,91,14,52,"Post_Experiment",39.1666666666667
"1348",544,"S","20",50,32,52,0,50,16,49,52,49,48,100,49,43,"Post_Experiment",48.3333333333333
"1349",545,"S","15",55,52,26,13,38,44,37,34,52,43,100,57,64,"Post_Experiment",47.8333333333333
"1350",546,"S","17",100,50,53,17,40,55,87,83,51,90,100,55,88,"Post_Experiment",75.6666666666667
"1351",547,"S","19",17,6,54,5,5,7,77,80,80,51,100,13,77,"Post_Experiment",63
"1352",549,"S","11",30,59,29,9,28,14,48,48,47,36,100,22,9,"Post_Experiment",35
"1353",550,"S","13",30,48,16,8,14,37,9,32,10,3,100,8,36,"Post_Experiment",16.3333333333333
"1354",551,"S","14",82,100,66,52,66,63,84,100,62,51,100,55,73,"Post_Experiment",70.8333333333333
"1355",552,"S","18",57,13,54,50,50,52,77,82,77,81,100,61,74,"Post_Experiment",75.3333333333333
"1356",553,"R","21",32,27,31,20,48,50,42,51,39,47,100,46,49,"Post_Experiment",45.6666666666667
"1357",554,"R","24",54,38,53,29,20,27,58,56,15,35,100,32,30,"Post_Experiment",37.6666666666667
"1358",555,"R","22",66,59,60,47,25,68,82,96,69,50,100,54,75,"Post_Experiment",71
"1359",556,"R","28",52,23,22,10,8,7,88,91,9,11,92,6,10,"Post_Experiment",35.8333333333333
"1360",557,"R","27",51,22,38,7,47,14,47,59,31,38,100,39,36,"Post_Experiment",41.6666666666667
"1361",558,"R","25",18,15,12,18,13,15,18,17,20,16,100,15,16,"Post_Experiment",17
"1362",559,"R","23",24,10,13,0,0,13,35,48,20,11,100,42,48,"Post_Experiment",34
"1363",560,"R","30",100,81,44,48,68,55,49,49,72,39,100,52,51,"Post_Experiment",52
"1364",561,"R","29",17,3,25,6,5,48,18,25,26,10,100,23,42,"Post_Experiment",24
"1365",563,"R","5",44,39,75,10,12,49,44,75,67,12,100,100,100,"Post_Experiment",66.3333333333333
"1366",564,"R","3",58,61,2,14,7,58,42,80,40,23,85,33,66,"Post_Experiment",47.3333333333333
"1367",565,"R","2",50,39,68,18,50,27,59,42,59,33,100,53,34,"Post_Experiment",46.6666666666667
"1368",566,"R","9",71,46,46,46,12,33,48,56,28,49,100,49,32,"Post_Experiment",43.6666666666667
"1369",567,"R","4",49,47,99,100,45,48,52,50,49,49,100,51,51,"Post_Experiment",50.3333333333333
"1370",568,"R","7",75,93,39,40,28,48,47,61,19,49,100,42,49,"Post_Experiment",44.5
"1371",569,"C","6",26,27,13,0,13,21,12,16,37,0,100,17,11,"Post_Experiment",15.5
"1372",570,"C","7",100,10,100,5,100,24,100,100,100,100,100,100,50,"Post_Experiment",91.6666666666667
"1373",571,"C","5",52,64,52,59,67,38,64,65,60,63,100,64,29,"Post_Experiment",57.5
"1374",572,"C","4",77,71,52,9,61,40,54,40,7,18,100,75,63,"Post_Experiment",42.8333333333333
"1375",573,"C","10",51,32,30,3,18,35,25,25,34,4,100,21,35,"Post_Experiment",24
"1376",574,"C","9",23,11,16,5,12,10,23,61,14,3,100,4,5,"Post_Experiment",18.3333333333333
"1377",575,"C","1",50,24,78,15,41,27,71,50,74,26,100,49,35,"Post_Experiment",50.8333333333333
"1378",576,"C","2",49,0,50,0,51,0,66,0,51,0,100,49,0,"Post_Experiment",27.6666666666667
"1379",577,"S","8",62,70,60,39,65,37,65,33,29,60,100,66,31,"Post_Experiment",47.3333333333333
"1380",578,"S","10",60,59,8,6,55,23,45,41,24,13,100,24,45,"Post_Experiment",32
"1381",579,"S","6",59,38,32,16,31,46,45,39,31,38,100,41,46,"Post_Experiment",40
"1382",580,"S","9",77,68,50,39,80,67,74,49,39,53,100,78,49,"Post_Experiment",57
"1383",581,"S","1",0,8,0,41,50,18,20,21,18,18,100,22,26,"Post_Experiment",20.8333333333333
"1384",582,"S","4",52,54,41,39,62,42,44,41,38,39,100,60,40,"Post_Experiment",43.6666666666667
"1385",583,"S","2",15,51,48,48,21,18,64,51,55,51,100,50,43,"Post_Experiment",52.3333333333333
"1386",584,"S","3",38,57,58,77,45,32,57,94,73,66,100,74,65,"Post_Experiment",71.5
"1387",585,"S","5",68,66,51,50,52,61,66,54,52,57,100,52,49,"Post_Experiment",55
"1388",586,"C","C5",100,100,100,52,72,49,83,77,57,73,100,67,60,"Post_Experiment",69.5
"1389",588,"C","C7",85,100,100,16,11,50,73,45,93,11,100,47,49,"Post_Experiment",53
"1390",590,"C","C8",51,100,95,26,49,41,50,100,91,33,100,71,64,"Post_Experiment",68.1666666666667
"1391",591,"C","C1",82,72,29,14,15,52,16,16,7,8,100,9,35,"Post_Experiment",15.1666666666667
"1392",592,"C","C2",100,77,33,10,0,49,100,26,25,44,100,24,50,"Post_Experiment",44.8333333333333
"1393",594,"C","C9",73,53,73,51,73,49,100,100,77,73,100,75,50,"Post_Experiment",79.1666666666667
"1394",595,"R","R9",51,38,51,16,11,32,29,25,21,27,100,12,26,"Post_Experiment",23.3333333333333
"1395",596,"R","R1",71,75,66,16,6,14,81,71,74,70,100,71,58,"Post_Experiment",70.8333333333333
"1396",597,"R","R6",100,60,100,32,53,35,100,84,60,77,100,51,58,"Post_Experiment",71.6666666666667
"1397",598,"R","R2",44,34,72,3,14,25,62,72,56,62,100,50,50,"Post_Experiment",58.6666666666667
"1398",599,"R","R10",59,49,57,3,2,6,10,8,33,12,100,8,16,"Post_Experiment",14.5
"1399",600,"R","R4",16,43,76,45,72,29,61,97,94,55,100,27,46,"Post_Experiment",63.3333333333333
"1400",601,"S","S6",17,19,37,13,31,11,43,55,49,41,100,49,38,"Post_Experiment",45.8333333333333
"1401",602,"S","S8",59,73,31,2,6,13,73,88,53,51,100,29,33,"Post_Experiment",54.5
"1402",603,"S","S9",89,90,73,65,49,10,88,67,57,51,100,49,14,"Post_Experiment",54.3333333333333
"1403",604,"S","S5",100,50,54,49,50,54,77,89,56,60,100,50,51,"Post_Experiment",63.8333333333333
"1404",605,"S","S2",98,95,77,0,91,85,48,59,49,42,100,44,51,"Post_Experiment",48.8333333333333
"1405",606,"S","S7",24,42,37,13,43,2,48,38,66,27,100,29,33,"Post_Experiment",40.1666666666667
"1406",607,"S","S10",63,82,82,38,28,27,45,79,35,59,100,63,38,"Post_Experiment",53.1666666666667
"1407",608,"S","S3",49,38,48,31,6,50,50,72,15,51,100,26,50,"Post_Experiment",44
"1408",609,"S","S1",69,14,96,26,57,49,66,84,84,78,100,76,63,"Post_Experiment",75.1666666666667
"1409",610,"R","R3",48,49,65,13,31,32,37,32,43,26,100,15,53,"Post_Experiment",34.3333333333333
"1410",611,"R","R8",53,74,18,17,13,49,61,50,17,34,100,17,52,"Post_Experiment",38.5
"1411",612,"R","R7",61,57,56,70,69,51,67,48,61,63,100,62,52,"Post_Experiment",58.8333333333333
"1412",613,"R","R1",51,63,62,43,68,51,71,77,67,42,100,36,50,"Post_Experiment",57.1666666666667
"1413",614,"R","R5",87,87,47,15,77,41,68,29,20,28,100,52,28,"Post_Experiment",37.5
"1414",615,"R","R9",48,50,70,22,50,49,50,69,52,67,100,54,52,"Post_Experiment",57.3333333333333
"1415",616,"R","R6",49,50,33,0,0,0,50,62,0,0,100,0,0,"Post_Experiment",18.6666666666667
"1416",617,"R","R4",100,100,47,0,49,49,93,100,96,76,100,91,77,"Post_Experiment",88.8333333333333
"1417",618,"R","R2",32,53,73,54,77,53,63,51,72,49,100,54,54,"Post_Experiment",57.1666666666667
"1418",619,"C","C1",85,84,72,15,73,42,68,100,37,71,100,65,32,"Post_Experiment",62.1666666666667
"1419",620,"C","C7",40,76,43,54,21,14,98,39,58,41,100,46,29,"Post_Experiment",51.8333333333333
"1420",622,"C","C8",61,28,74,32,74,31,42,39,42,21,100,66,32,"Post_Experiment",40.3333333333333
"1421",623,"C","c9",28,54,63,29,38,18,61,74,38,32,100,35,44,"Post_Experiment",47.3333333333333
"1422",625,"C","C2",37,21,50,15,7,28,44,18,16,27,100,34,35,"Post_Experiment",29
"1423",626,"C","C5",51,76,9,49,29,35,63,75,20,70,100,31,46,"Post_Experiment",50.8333333333333
"1424",627,"C","C3",90,64,66,40,51,34,71,72,33,65,100,43,61,"Post_Experiment",57.5
"1425",628,"S","S4",74,39,66,27,27,35,69,57,61,42,100,39,58,"Post_Experiment",54.3333333333333
"1426",629,"S","7",50,50,32,0,10,5,33,29,18,5,100,15,24,"Post_Experiment",20.6666666666667
"1427",630,"S","S5",24,70,15,14,22,54,62,81,100,59,100,41,54,"Post_Experiment",66.1666666666667
"1428",631,"S","S6",4,7,2,7,52,9,7,16,86,14,100,17,8,"Post_Experiment",24.6666666666667
"1429",632,"S","S9",100,77,59,52,72,52,64,90,58,95,100,71,71,"Post_Experiment",74.8333333333333
"1430",633,"S","2",0,0,30,0,2,0,0,11,75,0,100,0,16,"Post_Experiment",17
"1431",634,"S","S1",44,14,35,26,15,17,84,77,73,79,100,72,81,"Post_Experiment",77.6666666666667
"1432",635,"S","S3",50,72,65,10,31,49,49,58,65,29,100,42,51,"Post_Experiment",49
"1433",636,"S","S10",0,0,62,0,0,10,0,50,0,18,100,0,23,"Post_Experiment",15.1666666666667
"1434",637,"S","8",73,95,8,49,21,10,80,76,50,85,100,73,44,"Post_Experiment",68
"1435",638,"S","7",94,100,7,5,5,37,100,100,33,24,89,40,31,"Post_Experiment",54.6666666666667
"1436",639,"S","2",13,5,10,9,2,4,28,32,33,24,100,5,24,"Post_Experiment",24.3333333333333
"1437",640,"S","0",100,100,19,99,11,100,100,100,100,17,100,17,100,"Post_Experiment",72.3333333333333
"1438",641,"S","4",69,55,40,41,48,43,68,95,68,74,100,64,54,"Post_Experiment",70.5
"1439",642,"S","5",0,3,3,5,0,6,21,3,0,2,100,0,0,"Post_Experiment",4.33333333333333
"1440",643,"S","1",70,81,4,27,3,55,55,77,24,37,100,40,62,"Post_Experiment",49.1666666666667
"1441",644,"S","3",17,84,37,13,5,20,85,98,38,62,100,63,100,"Post_Experiment",74.3333333333333
"1442",645,"S","8",74,16,1,9,2,7,71,64,2,10,100,4,5,"Post_Experiment",26
"1443",646,"R","15",53,74,8,55,5,50,11,80,43,64,100,50,50,"Post_Experiment",49.6666666666667
"1444",647,"R","14",100,87,20,56,46,72,100,85,74,100,100,100,87,"Post_Experiment",91
"1445",648,"R","10",34,60,28,33,50,28,50,74,69,62,100,32,50,"Post_Experiment",56.1666666666667
"1446",649,"R","16",52,38,50,0,47,55,69,50,38,47,100,33,51,"Post_Experiment",48
"1447",650,"R","11",47,65,36,1,2,49,51,61,35,34,100,33,50,"Post_Experiment",44
"1448",651,"R","13",10,12,5,4,5,4,19,4,3,4,100,2,11,"Post_Experiment",7.16666666666667
"1449",652,"R","9",100,100,47,45,53,50,100,100,64,81,100,79,61,"Post_Experiment",80.8333333333333
"1450",653,"C","24",49,50,0,43,42,8,44,42,8,23,100,43,28,"Post_Experiment",31.3333333333333
"1451",654,"C","23",49,16,32,23,11,18,33,57,29,53,100,36,47,"Post_Experiment",42.5
"1452",655,"C","25",15,19,9,15,12,24,49,45,22,29,100,28,27,"Post_Experiment",33.3333333333333
"1453",656,"C","22",79,89,60,56,47,59,85,84,52,63,100,61,71,"Post_Experiment",69.3333333333333
"1454",657,"C","20",48,51,55,56,57,4,91,96,45,95,92,52,53,"Post_Experiment",72
"1455",659,"C","19",96,99,0,54,50,52,100,98,10,48,100,46,51,"Post_Experiment",58.8333333333333
"1456",660,"C","17",96,63,7,52,12,52,69,88,28,20,100,40,52,"Post_Experiment",49.5
"1457",661,"R","01",49,55,50,1,50,4,72,100,42,17,100,49,27,"Post_Experiment",51.1666666666667
"1458",662,"R","09",51,35,51,23,48,33,59,67,48,46,100,49,29,"Post_Experiment",49.6666666666667
"1459",663,"R","02",52,54,51,23,25,19,50,66,33,30,100,21,27,"Post_Experiment",37.8333333333333
"1460",664,"R","05",47,50,40,0,8,0,49,75,47,49,100,48,8,"Post_Experiment",46
"1461",665,"R","08",50,51,76,18,48,28,56,56,29,26,100,23,36,"Post_Experiment",37.6666666666667
"1462",666,"R","04",73,75,78,50,64,64,75,89,76,71,100,64,73,"Post_Experiment",74.6666666666667
"1463",668,"S","07",55,53,53,47,34,28,16,79,36,16,100,29,29,"Post_Experiment",34.1666666666667
"1464",669,"S","05",47,46,68,13,49,5,12,91,41,14,100,48,54,"Post_Experiment",43.3333333333333
"1465",670,"S","08",45,47,100,0,45,0,50,65,48,21,100,47,9,"Post_Experiment",40
"1466",671,"S","04",84,91,87,50,50,53,78,85,58,52,98,52,55,"Post_Experiment",63.3333333333333
"1467",672,"S","02",59,67,58,16,41,49,49,67,56,49,100,61,52,"Post_Experiment",55.6666666666667
"1468",673,"S","09",90,100,90,27,29,26,85,86,47,32,100,31,33,"Post_Experiment",52.3333333333333
"1469",674,"S","06",47,48,77,48,50,49,29,32,64,47,100,52,52,"Post_Experiment",46
"1470",675,"S","01",77,42,38,33,28,17,74,71,57,49,100,50,46,"Post_Experiment",57.8333333333333
"1471",676,"S","03",92,33,85,28,26,51,77,74,55,48,100,74,75,"Post_Experiment",67.1666666666667
"1472",677,"C","06",6,5,4,14,1,15,41,26,25,12,100,11,13,"Post_Experiment",21.3333333333333
"1473",678,"C","03",50,85,21,49,49,28,75,78,82,75,100,80,33,"Post_Experiment",70.5
"1474",679,"C","02",0,47,21,0,16,10,19,36,26,21,100,45,22,"Post_Experiment",28.1666666666667
"1475",680,"C","05",10,6,13,4,2,25,30,34,7,9,100,17,34,"Post_Experiment",21.8333333333333
"1476",681,"C","10",52,68,73,6,27,34,32,56,58,21,100,47,22,"Post_Experiment",39.3333333333333
"1477",682,"C","01",10,29,14,12,22,3,48,44,28,29,100,40,28,"Post_Experiment",36.1666666666667
"1478",683,"C","08",51,54,51,22,54,26,64,49,51,38,81,41,33,"Post_Experiment",46
"1479",684,"C","09",61,52,47,16,50,52,74,64,59,50,100,58,49,"Post_Experiment",59
"1480",685,"S","6",100,100,55,50,51,73,100,90,73,93,100,91,80,"Post_Experiment",87.8333333333333
"1481",687,"S","3",4,9,15,0,0,0,13,19,0,0,100,0,5,"Post_Experiment",6.16666666666667
"1482",688,"S","4",89,82,19,21,24,67,87,90,31,51,100,38,59,"Post_Experiment",59.3333333333333
"1483",689,"S","2",66,52,71,25,64,29,49,26,46,31,100,41,27,"Post_Experiment",36.6666666666667
"1484",690,"R","6",60,89,71,17,53,53,69,77,70,69,100,70,63,"Post_Experiment",69.6666666666667
"1485",691,"R","MR23",100,47,2,52,2,4,49,100,44,47,100,9,53,"Post_Experiment",50.3333333333333
"1486",692,"R","4",39,61,73,25,64,13,40,68,58,27,100,47,20,"Post_Experiment",43.3333333333333
"1487",693,"R","1",100,100,53,40,51,57,84,95,53,37,100,25,33,"Post_Experiment",54.5
"1488",694,"R","MS22",46,92,22,39,55,36,71,100,37,40,100,59,51,"Post_Experiment",59.6666666666667
"1489",695,"C","4",68,61,40,54,29,29,75,69,44,67,100,46,41,"Post_Experiment",57
"1490",697,"C","7",50,61,26,2,3,6,61,48,35,14,100,14,10,"Post_Experiment",30.3333333333333
"1491",698,"C","5",83,81,48,45,57,27,82,84,68,50,100,51,51,"Post_Experiment",64.3333333333333
"1492",699,"C","8",49,29,28,25,39,30,75,75,78,59,100,61,49,"Post_Experiment",66.1666666666667
"1493",700,"C","6",66,30,64,0,8,0,32,33,28,12,100,2,0,"Post_Experiment",17.8333333333333
"1494",701,"C","3",52,84,35,15,15,20,52,70,78,38,100,37,26,"Post_Experiment",50.1666666666667
"1495",702,"C","9",69,34,47,7,24,19,31,11,45,5,100,17,32,"Post_Experiment",23.5
"1496",703,"C","2",100,100,40,0,11,51,80,77,29,0,100,9,48,"Post_Experiment",40.5
"1497",704,"C","10",65,47,18,12,20,24,71,40,58,26,100,24,25,"Post_Experiment",40.6666666666667
"1498",705,"S","1",67,58,79,17,26,36,70,59,64,15,97,41,44,"Post_Experiment",48.8333333333333
"1499",706,"S","5",71,82,58,13,30,19,67,72,61,40,100,57,21,"Post_Experiment",53
"1500",707,"S","3",87,88,81,59,44,45,62,79,100,51,100,51,51,"Post_Experiment",65.6666666666667
"1501",709,"S","9",87,51,51,20,11,49,60,80,87,93,100,49,32,"Post_Experiment",66.8333333333333
"1502",710,"S","6",73,73,61,12,50,8,74,70,58,31,100,48,29,"Post_Experiment",51.6666666666667
"1503",711,"R","7",32,71,29,0,9,9,21,54,14,15,100,18,5,"Post_Experiment",21.1666666666667
"1504",713,"R","9",77,59,84,3,37,36,79,60,87,3,100,25,41,"Post_Experiment",49.1666666666667
"1505",714,"R","6",90,72,75,44,60,61,85,77,71,54,100,72,74,"Post_Experiment",72.1666666666667
"1506",715,"R","5",68,52,33,13,45,30,77,92,88,66,100,47,36,"Post_Experiment",67.6666666666667
"1507",716,"R","4",77,85,74,6,50,31,60,79,59,65,100,51,50,"Post_Experiment",60.6666666666667
"1508",717,"R","3",100,63,100,21,75,67,100,92,100,45,100,65,59,"Post_Experiment",76.8333333333333
"1509",718,"R","10",76,69,52,33,52,63,64,58,58,56,100,56,49,"Post_Experiment",56.8333333333333
"1510",719,"S","3",50,0,64,63,75,50,71,63,80,60,100,73,31,"Post_Experiment",63
"1511",720,"S","2",50,21,51,27,27,29,44,24,22,21,100,18,28,"Post_Experiment",26.1666666666667
"1512",721,"S","8",100,48,10,11,1,51,100,65,7,20,100,12,72,"Post_Experiment",46
"1513",722,"S","1",59,54,100,57,57,5,55,66,84,58,99,60,14,"Post_Experiment",56.1666666666667
"1514",723,"S","5",100,64,100,68,70,71,100,80,100,79,100,70,81,"Post_Experiment",85
"1515",724,"S","10",80,91,39,0,47,51,95,85,72,61,100,51,73,"Post_Experiment",72.8333333333333
"1516",725,"R","16",55,50,98,9,46,49,54,50,52,17,100,51,47,"Post_Experiment",45.1666666666667
"1517",726,"R","14",71,61,47,23,44,10,46,45,28,8,100,38,19,"Post_Experiment",30.6666666666667
"1518",727,"R","6",63,51,79,29,50,50,86,77,81,18,100,49,51,"Post_Experiment",60.3333333333333
"1519",728,"R","11",40,36,29,22,17,34,100,81,53,49,100,50,62,"Post_Experiment",65.8333333333333
"1520",729,"R","13",18,50,50,53,76,70,18,51,66,49,100,58,70,"Post_Experiment",52
"1521",730,"R","12",75,74,74,50,51,49,71,71,75,69,100,48,50,"Post_Experiment",64
"1522",731,"R","15",94,76,66,49,50,34,89,70,89,51,100,63,65,"Post_Experiment",71.1666666666667
"1523",732,"C","1",50,77,52,3,5,4,61,82,52,14,100,23,16,"Post_Experiment",41.3333333333333
"1524",733,"C","3",58,83,50,88,82,82,88,92,96,77,100,100,85,"Post_Experiment",89.6666666666667
"1525",734,"C","5",47,50,52,0,51,0,50,100,49,13,100,50,19,"Post_Experiment",46.8333333333333
"1526",735,"C","2",100,100,37,35,51,8,100,100,100,62,100,62,0,"Post_Experiment",70.6666666666667
"1527",736,"C","4",45,70,38,28,30,24,15,50,25,20,100,34,40,"Post_Experiment",30.6666666666667
"1528",737,"C","5",49,57,52,47,47,9,51,52,51,13,96,50,18,"Post_Experiment",39.1666666666667
"1529",739,"C","9",51,63,20,24,25,41,74,83,58,53,100,71,63,"Post_Experiment",67
"1530",740,"C","2",43,88,92,92,51,50,50,45,45,46,93,90,52,"Post_Experiment",54.6666666666667
"1531",741,"C","10",51,51,50,0,50,0,54,48,50,0,100,0,46,"Post_Experiment",33
"1532",742,"C","7",49,96,74,100,56,100,100,100,100,100,100,100,100,"Post_Experiment",100
"1533",743,"C","C3",66,73,52,77,51,96,93,76,81,58,96,77,97,"Post_Experiment",80.3333333333333
"1534",744,"C","6",47,55,2,100,100,49,53,100,100,100,100,0,48,"Post_Experiment",66.8333333333333
"1535",746,"R","R2",83,69,100,82,79,54,67,100,94,91,100,100,75,"Post_Experiment",87.8333333333333
"1536",747,"R","06",15,36,50,14,3,10,51,100,100,50,100,50,51,"Post_Experiment",67
"1537",748,"R","R8",54,100,0,87,90,86,49,77,54,58,100,100,82,"Post_Experiment",70
"1538",749,"R","R1",58,49,100,95,0,51,46,100,100,44,100,49,52,"Post_Experiment",65.1666666666667
"1539",756,"S","8",100,100,44,6,47,100,100,100,49,47,100,48,100,"Post_Experiment",74
"1540",757,"S","02",53,86,88,51,72,99,50,96,91,77,100,90,96,"Post_Experiment",83.3333333333333
"1541",764,"S","4",46,0,54,53,51,25,100,97,60,63,93,100,87,"Post_Experiment",84.5
"1542",765,"R","4",100,46,47,59,48,52,86,86,95,59,100,50,53,"Post_Experiment",71.5
"1543",766,"R","2",49,69,48,8,48,7,69,86,77,35,84,50,30,"Post_Experiment",57.8333333333333
"1544",767,"R","7",45,23,14,11,10,9,11,66,59,41,84,47,29,"Post_Experiment",42.1666666666667
"1545",768,"R","3",33,54,50,62,21,46,51,53,60,43,98,49,54,"Post_Experiment",51.6666666666667
"1546",769,"R","1",56,48,49,26,48,52,49,31,51,35,100,50,50,"Post_Experiment",44.3333333333333
"1547",771,"R","5",49,100,75,49,70,48,93,98,21,83,100,53,20,"Post_Experiment",61.3333333333333
"1548",772,"C","21",66,98,53,14,55,26,73,55,48,18,100,48,18,"Post_Experiment",43.3333333333333
"1549",773,"C","23",100,73,66,82,52,67,95,33,0,0,100,0,37,"Post_Experiment",27.5
"1550",774,"C","4",17,61,55,28,36,57,48,48,65,32,100,55,38,"Post_Experiment",47.6666666666667
"1551",775,"C","7",46,39,37,45,47,46,59,51,49,51,100,64,62,"Post_Experiment",56
"1552",776,"C","9",74,60,37,2,32,8,97,84,50,6,100,50,25,"Post_Experiment",52
"1553",777,"C","22",77,50,68,36,51,51,76,71,55,51,100,66,60,"Post_Experiment",63.1666666666667
"1554",778,"C","19",46,28,100,0,18,50,64,50,47,26,100,30,49,"Post_Experiment",44.3333333333333
"1555",779,"C","20",3,50,48,0,62,51,25,51,54,29,100,29,51,"Post_Experiment",39.8333333333333
"1556",780,"C","17",84,100,51,16,16,28,66,66,0,48,100,4,50,"Post_Experiment",39
"1557",781,"C","18",100,96,48,84,82,53,88,53,51,98,100,0,50,"Post_Experiment",56.6666666666667
"1558",782,"C","7",55,90,82,49,52,25,63,78,54,37,100,51,29,"Post_Experiment",52
"1559",783,"C","3",71,74,36,44,33,43,73,71,58,60,100,62,62,"Post_Experiment",64.3333333333333
"1560",784,"C","8",52,100,83,9,54,32,50,93,65,51,100,56,41,"Post_Experiment",59.3333333333333
"1561",785,"C","1",60,93,68,41,27,44,51,58,45,37,100,34,48,"Post_Experiment",45.5
"1562",786,"C","9",53,17,82,49,52,17,45,25,53,30,100,25,21,"Post_Experiment",33.1666666666667
"1563",788,"C","6",85,84,39,14,24,52,88,72,41,53,100,33,56,"Post_Experiment",57.1666666666667
"1564",789,"C","5",38,60,40,24,29,22,67,70,47,57,100,55,39,"Post_Experiment",55.8333333333333
"1565",791,"S","6",58,75,35,0,42,52,76,81,84,95,100,81,66,"Post_Experiment",80.5
"1566",792,"S","5",48,64,65,57,33,44,67,66,31,45,100,48,58,"Post_Experiment",52.5
"1567",793,"S","7",44,86,19,0,5,13,61,95,61,15,100,22,24,"Post_Experiment",46.3333333333333
"1568",794,"S","4",100,100,51,10,14,8,100,100,91,83,100,93,83,"Post_Experiment",91.6666666666667
"1569",795,"S","8",71,85,78,25,44,0,84,100,81,55,91,51,49,"Post_Experiment",70
"1570",796,"S","1",95,56,45,46,45,49,91,91,86,48,100,51,97,"Post_Experiment",77.3333333333333
"1571",797,"S","3",51,48,53,44,48,50,48,57,50,47,100,49,52,"Post_Experiment",50.5
"1572",798,"S","2",99,48,15,49,42,53,100,80,84,51,100,52,78,"Post_Experiment",74.1666666666667
"1573",800,"C","7",100,48,75,49,55,81,74,64,74,66,100,79,83,"Post_Experiment",73.3333333333333
"1574",801,"C","2",100,91,50,11,42,50,77,64,60,50,100,69,73,"Post_Experiment",65.5
"1575",802,"C","9",84,62,77,18,49,32,79,81,86,74,100,36,50,"Post_Experiment",67.6666666666667
"1576",803,"C","3",100,100,100,65,50,50,100,100,71,92,100,64,100,"Post_Experiment",87.8333333333333
"1577",804,"C","4",49,95,88,6,4,30,76,88,68,14,79,29,53,"Post_Experiment",54.6666666666667
"1578",805,"S","10",0,0,0,0,0,0,0,6,0,0,100,13,0,"Post_Experiment",3.16666666666667
"1579",806,"S","6",17,17,0,1,0,10,18,34,2,10,100,0,22,"Post_Experiment",14.3333333333333
"1580",807,"S","1",100,100,71,0,0,33,100,100,87,70,100,75,80,"Post_Experiment",85.3333333333333
"1581",808,"S","3",100,89,50,0,11,50,100,48,49,29,100,52,49,"Post_Experiment",54.5
"1582",809,"S","2",69,37,16,16,20,29,32,33,25,23,100,25,25,"Post_Experiment",27.1666666666667
"1583",810,"S","5",66,45,76,17,47,52,100,67,100,16,100,24,55,"Post_Experiment",60.3333333333333
"1584",811,"S","7",60,82,50,62,60,61,55,86,82,74,100,50,72,"Post_Experiment",69.8333333333333
"1585",812,"S","4",86,92,91,51,47,52,88,85,90,51,87,60,52,"Post_Experiment",71
"1586",813,"S","8",100,100,56,19,59,52,100,100,8,51,98,50,48,"Post_Experiment",59.5
"1587",814,"S","9",100,100,100,50,49,60,100,100,100,81,99,88,83,"Post_Experiment",92
"1588",815,"C","4",87,49,37,51,52,43,82,86,55,63,100,59,46,"Post_Experiment",65.1666666666667
"1589",816,"C","7",81,72,99,20,38,24,84,83,55,25,100,39,37,"Post_Experiment",53.8333333333333
"1590",817,"C","6",72,87,53,6,51,27,73,67,63,13,100,57,40,"Post_Experiment",52.1666666666667
"1591",818,"C","8",48,70,49,3,3,23,72,68,27,2,100,16,13,"Post_Experiment",33
"1592",819,"C","10",81,83,63,28,54,53,87,81,53,10,100,53,54,"Post_Experiment",56.3333333333333
"1593",820,"C","9",49,23,48,0,46,0,80,74,57,0,100,50,28,"Post_Experiment",48.1666666666667
"1594",821,"C","3",84,89,79,58,70,68,79,75,64,69,100,63,57,"Post_Experiment",67.8333333333333
"1595",822,"C","1",85,89,73,12,79,23,71,73,47,13,100,36,12,"Post_Experiment",42
"1596",823,"C","2",81,70,82,15,49,13,100,86,85,51,100,82,51,"Post_Experiment",75.8333333333333
"1597",824,"S","18",76,100,100,24,51,16,76,100,70,62,100,62,75,"Post_Experiment",74.1666666666667
"1598",825,"S","19",87,82,75,50,48,23,100,100,67,54,100,67,44,"Post_Experiment",72
"1599",826,"S","12",78,90,92,52,56,53,82,80,83,54,100,61,68,"Post_Experiment",71.3333333333333
"1600",827,"S","14",93,99,23,0,71,32,98,100,18,0,100,61,34,"Post_Experiment",51.8333333333333
"1601",828,"S","17",36,93,77,3,51,12,72,90,90,7,100,11,38,"Post_Experiment",51.3333333333333
"1602",829,"S","15",27,100,50,0,50,33,75,100,74,58,100,76,71,"Post_Experiment",75.6666666666667
"1603",830,"S","20",61,13,59,0,19,18,69,35,48,12,100,58,30,"Post_Experiment",42
"1604",831,"S","16",87,90,68,50,48,31,63,84,81,43,100,51,52,"Post_Experiment",62.3333333333333
"1605",832,"S","13",66,82,18,0,18,33,100,100,80,49,100,45,64,"Post_Experiment",73
"1606",833,"R","29",48,100,12,0,50,24,25,100,17,24,100,48,41,"Post_Experiment",42.5
"1607",834,"R","24",94,100,24,70,44,40,90,100,97,89,93,29,67,"Post_Experiment",78.6666666666667
"1608",835,"R","23",91,67,73,16,48,22,77,67,68,27,100,66,74,"Post_Experiment",63.1666666666667
"1609",836,"R","21",59,76,34,17,15,27,68,80,28,31,100,26,29,"Post_Experiment",43.6666666666667
"1610",838,"R","27",80,73,89,50,84,23,75,67,68,13,100,63,17,"Post_Experiment",50.5
"1611",839,"R","26",100,100,46,9,82,13,100,100,40,8,100,69,49,"Post_Experiment",61
"1612",841,"R","28",99,100,74,35,51,38,84,78,81,81,100,77,76,"Post_Experiment",79.5
"1613",842,"R","22",96,95,88,3,27,25,78,78,57,23,100,51,49,"Post_Experiment",56
"1614",844,"C","C3",100,100,6,94,15,55,100,100,12,100,100,27,49,"Post_Experiment",64.6666666666667
"1615",845,"C","5",74,75,92,20,20,50,76,88,84,31,100,29,49,"Post_Experiment",59.5
"1616",848,"C","C6",100,91,85,45,37,51,100,100,73,61,100,58,49,"Post_Experiment",73.5
"1617",849,"C","C4",100,45,55,10,24,23,48,54,47,6,100,26,26,"Post_Experiment",34.5
"1618",850,"C","8",36,33,52,14,14,14,32,48,23,18,100,14,21,"Post_Experiment",26
"1619",851,"R","R2",46,64,55,40,62,10,47,50,62,11,93,52,20,"Post_Experiment",40.3333333333333
"1620",853,"R","R1",45,70,86,69,88,4,63,100,84,99,82,88,49,"Post_Experiment",80.5
"1621",854,"R","R5",47,83,85,0,0,0,49,75,74,1,100,3,4,"Post_Experiment",34.3333333333333
"1622",855,"R","R6",52,65,100,29,26,44,57,48,98,42,100,29,51,"Post_Experiment",54.1666666666667
"1623",856,"R","R4",75,85,76,8,11,50,75,81,70,56,100,52,58,"Post_Experiment",65.3333333333333
"1624",857,"S","S6",76,39,100,32,22,23,72,64,85,52,100,57,30,"Post_Experiment",60
"1625",858,"S","7",49,56,77,16,16,31,76,59,76,43,100,40,33,"Post_Experiment",54.5
"1626",859,"S","S4",100,96,55,51,98,68,100,50,95,10,99,47,8,"Post_Experiment",51.6666666666667
"1627",861,"S","S5",100,76,49,19,49,49,50,50,50,18,100,48,50,"Post_Experiment",44.3333333333333
"1628",862,"S","S3",100,100,1,1,0,2,100,100,2,2,100,2,2,"Post_Experiment",34.6666666666667
"1629",863,"S","S2",2,1,63,2,2,7,1,100,3,7,100,44,44,"Post_Experiment",33.1666666666667
"1630",865,"S","S6",100,100,50,49,24,5,100,43,54,19,100,23,9,"Post_Experiment",41.3333333333333
"1631",866,"S","S9",52,100,50,46,51,51,52,55,50,100,100,53,51,"Post_Experiment",60.1666666666667
"1632",867,"S","S8",100,100,17,17,52,11,100,100,16,20,100,23,8,"Post_Experiment",44.5
"1633",870,"S","S5",21,40,8,4,5,3,24,68,42,13,100,28,15,"Post_Experiment",31.6666666666667
"1634",872,"S","S.1",26,55,18,17,36,5,56,66,44,100,100,59,56,"Post_Experiment",63.5
"1635",875,"C","C5",44,39,30,20,8,27,44,50,20,24,96,48,30,"Post_Experiment",36
"1636",876,"C","C10",12,10,0,0,0,0,32,7,12,0,96,5,1,"Post_Experiment",9.5
"1637",877,"C","C. 8",18,25,49,48,49,17,52,100,53,54,100,52,56,"Post_Experiment",61.1666666666667
"1638",878,"C","C. 3",8,8,14,8,10,11,23,17,12,29,100,9,25,"Post_Experiment",19.1666666666667
"1639",879,"C","C 4",44,47,51,49,48,52,39,53,40,43,100,40,50,"Post_Experiment",44.1666666666667
"1640",880,"C","C7",54,49,52,50,8,49,45,100,43,100,100,12,50,"Post_Experiment",58.3333333333333
"1641",881,"C","C 6",71,73,37,26,33,50,53,53,48,50,100,70,72,"Post_Experiment",57.6666666666667
"1642",882,"C","C. 2",15,8,48,41,11,15,4,5,31,29,80,11,28,"Post_Experiment",18
"1643",883,"R","R2",63,10,9,6,61,8,40,9,8,6,100,16,6,"Post_Experiment",14.1666666666667
"1644",884,"R","3",46,28,48,46,29,50,45,37,68,76,100,32,19,"Post_Experiment",46.1666666666667
"1645",885,"R","R7",72,53,67,60,49,0,81,52,63,49,100,26,18,"Post_Experiment",48.1666666666667
"1646",886,"R","R1",48,46,54,3,6,2,50,48,49,2,100,3,6,"Post_Experiment",26.3333333333333
"1647",887,"R","R.9",69,79,63,49,56,72,67,81,76,89,100,79,94,"Post_Experiment",81
"1648",888,"R","R.6",100,100,48,0,0,0,100,100,52,52,100,53,0,"Post_Experiment",59.5
"1649",889,"R","R10",57,58,48,41,27,37,27,32,22,50,100,55,51,"Post_Experiment",39.5
"1650",890,"R","R. 8",50,54,100,70,98,96,100,100,100,100,100,100,100,"Post_Experiment",100
"1651",891,"R","R4",6,7,76,4,27,4,6,78,64,31,100,60,3,"Post_Experiment",40.3333333333333
"1652",892,"R","R.5",16,15,11,15,13,12,16,13,51,47,95,16,6,"Post_Experiment",24.8333333333333
"1653",893,"C","09",100,76,66,56,16,66,100,89,41,63,100,77,72,"Post_Experiment",73.6666666666667
"1654",894,"C","03",74,50,67,24,49,50,73,52,67,54,100,57,50,"Post_Experiment",58.8333333333333
"1655",895,"C","08",50,21,48,0,23,26,62,61,66,22,100,24,44,"Post_Experiment",46.5
"1656",896,"C","06",52,99,49,50,17,50,66,80,56,59,93,96,58,"Post_Experiment",69.1666666666667
"1657",897,"C","04",100,60,60,11,46,39,60,24,66,19,100,43,28,"Post_Experiment",40
"1658",898,"C","01",46,93,100,50,70,51,66,100,25,50,100,48,49,"Post_Experiment",56.3333333333333
"1659",899,"C","02",37,65,37,1,2,20,55,62,44,18,100,35,36,"Post_Experiment",41.6666666666667
"1660",900,"R","5",47,31,59,18,48,25,68,56,82,61,100,65,72,"Post_Experiment",67.3333333333333
"1661",901,"R","9",30,5,7,0,3,4,0,11,0,0,100,0,7,"Post_Experiment",3
"1662",902,"R","2",59,75,57,9,38,12,91,54,55,23,100,69,30,"Post_Experiment",53.6666666666667
"1663",903,"R","6",53,81,52,48,36,39,78,69,52,48,100,36,50,"Post_Experiment",55.5
"1664",904,"R","1",100,100,100,27,87,33,100,100,100,100,100,65,68,"Post_Experiment",88.8333333333333
"1665",906,"R","7",100,63,9,10,58,32,23,29,11,13,100,38,24,"Post_Experiment",23
"1666",907,"S","4",33,54,37,51,55,25,20,87,88,75,77,38,56,"Post_Experiment",60.6666666666667
"1667",908,"S","11",88,54,76,46,50,13,86,61,59,59,100,58,16,"Post_Experiment",56.5
"1668",909,"S","13",2,100,50,49,52,6,53,56,11,50,100,23,49,"Post_Experiment",40.3333333333333
"1669",910,"S","10",100,56,51,22,20,18,56,100,58,88,100,88,82,"Post_Experiment",78.6666666666667
"1670",911,"S","8",54,53,48,25,34,33,76,73,59,72,86,77,53,"Post_Experiment",68.3333333333333
"1671",912,"S","12",48,4,85,3,71,18,25,33,79,20,100,70,23,"Post_Experiment",41.6666666666667
"1672",913,"C","19",100,78,91,49,48,60,74,54,57,52,100,34,50,"Post_Experiment",53.5
"1673",914,"C","17",65,67,35,55,56,12,84,68,53,50,100,55,10,"Post_Experiment",53.3333333333333
"1674",915,"C","16",100,70,37,63,67,52,100,98,75,68,100,71,39,"Post_Experiment",75.1666666666667
"1675",917,"C","14",51,34,31,24,37,42,50,49,48,23,100,59,50,"Post_Experiment",46.5
"1676",918,"C","20",94,0,20,29,28,29,88,0,12,18,100,0,24,"Post_Experiment",23.6666666666667
"1677",919,"R","5",97,54,51,10,39,3,31,46,37,4,100,8,0,"Post_Experiment",21
"1678",920,"R","4",87,80,91,54,25,64,100,93,58,16,100,34,91,"Post_Experiment",65.3333333333333
"1679",921,"R","1",51,15,50,5,6,0,41,11,39,4,100,8,6,"Post_Experiment",18.1666666666667
"1680",922,"R","8",56,5,29,23,8,16,15,18,90,7,100,19,16,"Post_Experiment",27.5
"1681",923,"R","2",99,99,51,24,22,50,100,100,76,100,100,81,74,"Post_Experiment",88.5
"1682",925,"R","10",51,34,40,17,18,9,66,57,33,31,100,33,18,"Post_Experiment",39.6666666666667
"1683",926,"R","6",53,51,46,53,58,48,98,100,52,52,100,53,49,"Post_Experiment",67.3333333333333
"1684",927,"S","S 2",100,43,44,0,0,0,100,0,0,0,100,0,0,"Post_Experiment",16.6666666666667
"1685",928,"S","2",30,53,11,45,73,100,100,9,4,18,100,17,53,"Post_Experiment",33.5
"1686",933,"S","6",53,16,56,35,36,51,11,35,4,82,97,49,49,"Post_Experiment",38.3333333333333
"1687",935,"S","12345678910",47,99,57,57,99,78,100,53,56,58,100,49,53,"Post_Experiment",61.5
"1688",936,"C","8",100,100,47,81,86,54,95,66,80,81,95,68,63,"Post_Experiment",75.5
"1689",937,"C","1",54,91,53,47,46,42,90,73,74,83,78,75,75,"Post_Experiment",78.3333333333333
"1690",938,"C","3",14,19,6,30,32,51,41,62,14,28,100,31,48,"Post_Experiment",37.3333333333333
"1691",939,"C","2",49,18,2,13,35,52,45,47,3,49,94,46,49,"Post_Experiment",39.8333333333333
"1692",941,"C","6",53,57,53,13,53,45,100,61,53,56,100,51,53,"Post_Experiment",62.3333333333333
"1693",942,"C","4",46,63,20,83,72,98,91,83,52,89,85,90,97,"Post_Experiment",83.6666666666667
"1694",944,"C","5",49,29,34,80,90,80,41,67,81,70,81,40,87,"Post_Experiment",64.3333333333333
"1695",947,"R","1",54,83,9,51,55,57,100,100,100,45,100,100,100,"Post_Experiment",90.8333333333333
"1696",948,"R","10",100,72,100,44,100,52,44,45,46,13,100,33,23,"Post_Experiment",34
"1697",949,"R","9",83,88,76,62,66,77,72,84,74,79,87,78,52,"Post_Experiment",73.1666666666667
"1698",955,"S","4",100,100,100,51,81,0,100,100,100,0,81,100,0,"Post_Experiment",66.6666666666667
"1699",956,"S","5",91,100,58,33,62,96,95,86,79,48,99,91,100,"Post_Experiment",83.1666666666667
"1700",957,"S","8",100,100,46,0,100,55,100,100,100,32,100,49,52,"Post_Experiment",72.1666666666667
"1701",958,"S","2",100,54,51,47,5,16,57,52,57,54,100,54,12,"Post_Experiment",47.6666666666667
"1702",959,"S","3",52,50,44,7,7,4,51,80,50,33,98,18,18,"Post_Experiment",41.6666666666667
"1703",960,"S","7",100,97,7,9,7,7,60,61,9,5,98,6,15,"Post_Experiment",26
"1704",962,"S","9",3,48,8,87,5,9,7,20,3,5,99,1,7,"Post_Experiment",7.16666666666667
"1705",965,"R","1",70,63,70,85,68,99,81,78,68,51,97,70,64,"Post_Experiment",68.6666666666667
"1706",966,"R","4",50,43,49,44,48,88,37,49,10,60,96,46,84,"Post_Experiment",47.6666666666667
"1707",967,"R","2",39,96,47,93,95,100,73,87,61,91,92,84,97,"Post_Experiment",82.1666666666667
"1708",970,"R","5",68,76,21,48,34,15,52,92,47,50,92,50,49,"Post_Experiment",56.6666666666667
"1709",971,"R","16",84,93,54,52,68,64,100,100,93,47,100,65,54,"Post_Experiment",76.5
"1710",972,"R","11",31,28,50,43,46,52,58,64,51,40,100,30,65,"Post_Experiment",51.3333333333333
"1711",973,"R","14",37,46,9,0,2,7,70,78,3,27,100,8,18,"Post_Experiment",34
"1712",974,"R","15",99,60,24,26,16,69,78,90,58,59,100,62,77,"Post_Experiment",70.6666666666667
"1713",975,"R","12",49,47,51,49,50,10,64,71,52,50,100,51,10,"Post_Experiment",49.6666666666667
"1714",976,"S","20",45,50,66,46,30,26,54,75,34,20,100,36,29,"Post_Experiment",41.3333333333333
"1715",977,"S","18",90,59,85,49,46,39,81,74,86,84,100,83,85,"Post_Experiment",82.1666666666667
"1716",978,"S","21",100,75,16,9,8,79,96,100,18,100,100,26,81,"Post_Experiment",70.1666666666667
"1717",979,"S","19",49,100,81,50,50,25,100,100,76,20,100,49,21,"Post_Experiment",61
"1718",980,"S","17",100,100,60,53,53,33,57,83,77,51,100,55,44,"Post_Experiment",61.1666666666667
"1719",982,"C","10",27,100,100,100,49,50,100,100,46,100,100,51,7,"Post_Experiment",67.3333333333333
"1720",984,"C","5",100,100,61,44,51,67,91,100,94,46,100,65,67,"Post_Experiment",77.1666666666667
"1721",986,"C","2",51,51,50,2,0,48,44,98,47,50,100,66,47,"Post_Experiment",58.6666666666667
"1722",988,"C","3",57,83,76,67,46,51,92,98,82,23,100,52,50,"Post_Experiment",66.1666666666667
