"varame","mean","sd","X2.5.","X25.","X50.","X75.","X97.5.","rhat"
"be[1]",43.5645794615711,0.838060200021157,41.9303804590956,43.0422172939837,43.5442326582729,44.0755350132988,45.1675975869283,0.999521539621135
"be[2]",7.20985340216053,0.589358476942728,6.04145597408283,6.80765217708102,7.2137611776262,7.56799905269948,8.37880628549249,1.01070876989664
"be[3]",7.55921616290972,0.562321745970115,6.41977447484192,7.19002536395756,7.54241901778876,7.94372311654088,8.67734229436143,1.01357592843908
"be[4]",6.36840137085197,0.859427096404582,4.79040774870467,5.8420620462394,6.32576626584271,6.93895922775804,8.05147129747304,1.01473371212488
"s_1",6.80950107624021,0.818613899873622,5.33382404307632,6.21727086727893,6.77459819973657,7.32494006415095,8.54524409329637,1.0078221467874
"s_2",13.8581528229062,0.458775625748739,13.0373487157148,13.5218700733613,13.8963978076814,14.1759329309368,14.765667025226,0.995600560812149
"sgm",10.0920205112282,0.233561567658527,9.65674044291744,9.95233669422424,10.0807406450502,10.2459632442705,10.5725959451584,1.01948059857896
"g",9.76665830053826,14.5442996333706,1.68320938301764,3.63791361855767,6.1387488317398,10.887073551702,36.0652502985271,1.0066870493256
